"SourceMarket","TradeGood","Category","SellArea","Price","MarketSignal","SourceUrl"
"Japan","Amethyst","Precious Stones","Arabia","31620","High price","https://web.archive.org/web/20140214020456/http://uwodbmirror.ivyro.net/eg/main.php?id=85000037"
"Japan","Amethyst","Precious Stones","Atlantic Ocean","26520","","https://web.archive.org/web/20140214020456/http://uwodbmirror.ivyro.net/eg/main.php?id=85000037"
"Japan","Amethyst","Precious Stones","Caribbean Sea","39780","","https://web.archive.org/web/20140214020456/http://uwodbmirror.ivyro.net/eg/main.php?id=85000037"
"Japan","Amethyst","Precious Stones","E Coast of Latin America","36720","","https://web.archive.org/web/20140214020456/http://uwodbmirror.ivyro.net/eg/main.php?id=85000037"
"Japan","Amethyst","Precious Stones","East Africa","31620","High price","https://web.archive.org/web/20140214020456/http://uwodbmirror.ivyro.net/eg/main.php?id=85000037"
"Japan","Amethyst","Precious Stones","Germany","41820","","https://web.archive.org/web/20140214020456/http://uwodbmirror.ivyro.net/eg/main.php?id=85000037"
"Japan","Amethyst","Precious Stones","Iberia","41820","","https://web.archive.org/web/20140214020456/http://uwodbmirror.ivyro.net/eg/main.php?id=85000037"
"Japan","Amethyst","Precious Stones","India","23460","High price","https://web.archive.org/web/20140214020456/http://uwodbmirror.ivyro.net/eg/main.php?id=85000037"
"Japan","Amethyst","Precious Stones","Indo-China","15300","High price","https://web.archive.org/web/20140214020456/http://uwodbmirror.ivyro.net/eg/main.php?id=85000037"
"Japan","Amethyst","Precious Stones","Italy and Southern France","41820","","https://web.archive.org/web/20140214020456/http://uwodbmirror.ivyro.net/eg/main.php?id=85000037"
"Japan","Amethyst","Precious Stones","North Africa","29580","","https://web.archive.org/web/20140214020456/http://uwodbmirror.ivyro.net/eg/main.php?id=85000037"
"Japan","Amethyst","Precious Stones","North America","26520","","https://web.archive.org/web/20140214020456/http://uwodbmirror.ivyro.net/eg/main.php?id=85000037"
"Japan","Amethyst","Precious Stones","Northern Europe","41820","","https://web.archive.org/web/20140214020456/http://uwodbmirror.ivyro.net/eg/main.php?id=85000037"
"Japan","Amethyst","Precious Stones","Northern France","41820","","https://web.archive.org/web/20140214020456/http://uwodbmirror.ivyro.net/eg/main.php?id=85000037"
"Japan","Amethyst","Precious Stones","Oceania","12240","","https://web.archive.org/web/20140214020456/http://uwodbmirror.ivyro.net/eg/main.php?id=85000037"
"Japan","Amethyst","Precious Stones","Persia","26520","High price","https://web.archive.org/web/20140214020456/http://uwodbmirror.ivyro.net/eg/main.php?id=85000037"
"Japan","Amethyst","Precious Stones","Southeast Asia","15300","High price","https://web.archive.org/web/20140214020456/http://uwodbmirror.ivyro.net/eg/main.php?id=85000037"
"Japan","Amethyst","Precious Stones","The Balkans","41820","","https://web.archive.org/web/20140214020456/http://uwodbmirror.ivyro.net/eg/main.php?id=85000037"
"Japan","Amethyst","Precious Stones","The British Isles","41820","","https://web.archive.org/web/20140214020456/http://uwodbmirror.ivyro.net/eg/main.php?id=85000037"
"Japan","Amethyst","Precious Stones","The Near East","41820","","https://web.archive.org/web/20140214020456/http://uwodbmirror.ivyro.net/eg/main.php?id=85000037"
"Japan","Amethyst","Precious Stones","The Netherlands","41820","","https://web.archive.org/web/20140214020456/http://uwodbmirror.ivyro.net/eg/main.php?id=85000037"
"Japan","Amethyst","Precious Stones","Turkey","41820","","https://web.archive.org/web/20140214020456/http://uwodbmirror.ivyro.net/eg/main.php?id=85000037"
"Japan","Amethyst","Precious Stones","W Coast of Latin America","26520","","https://web.archive.org/web/20140214020456/http://uwodbmirror.ivyro.net/eg/main.php?id=85000037"
"Japan","Amethyst","Precious Stones","West Africa","31620","","https://web.archive.org/web/20140214020456/http://uwodbmirror.ivyro.net/eg/main.php?id=85000037"
"Japan","Aubergine","Luxury Goods","Arabia","29848","High price","https://web.archive.org/web/20140214020456/http://uwodbmirror.ivyro.net/eg/main.php?id=85000037"
"Japan","Aubergine","Luxury Goods","Atlantic Ocean","26208","","https://web.archive.org/web/20140214020456/http://uwodbmirror.ivyro.net/eg/main.php?id=85000037"
"Japan","Aubergine","Luxury Goods","Caribbean Sea","37128","","https://web.archive.org/web/20140214020456/http://uwodbmirror.ivyro.net/eg/main.php?id=85000037"
"Japan","Aubergine","Luxury Goods","E Coast of Latin America","33488","","https://web.archive.org/web/20140214020456/http://uwodbmirror.ivyro.net/eg/main.php?id=85000037"
"Japan","Aubergine","Luxury Goods","East Africa","22568","","https://web.archive.org/web/20140214020456/http://uwodbmirror.ivyro.net/eg/main.php?id=85000037"
"Japan","Aubergine","Luxury Goods","Germany","37128","","https://web.archive.org/web/20140214020456/http://uwodbmirror.ivyro.net/eg/main.php?id=85000037"
"Japan","Aubergine","Luxury Goods","Iberia","37128","","https://web.archive.org/web/20140214020456/http://uwodbmirror.ivyro.net/eg/main.php?id=85000037"
"Japan","Aubergine","Luxury Goods","India","16744","","https://web.archive.org/web/20140214020456/http://uwodbmirror.ivyro.net/eg/main.php?id=85000037"
"Japan","Aubergine","Luxury Goods","Indo-China","15288","High price","https://web.archive.org/web/20140214020456/http://uwodbmirror.ivyro.net/eg/main.php?id=85000037"
"Japan","Aubergine","Luxury Goods","Italy and Southern France","37128","","https://web.archive.org/web/20140214020456/http://uwodbmirror.ivyro.net/eg/main.php?id=85000037"
"Japan","Aubergine","Luxury Goods","North Africa","29848","","https://web.archive.org/web/20140214020456/http://uwodbmirror.ivyro.net/eg/main.php?id=85000037"
"Japan","Aubergine","Luxury Goods","North America","22568","","https://web.archive.org/web/20140214020456/http://uwodbmirror.ivyro.net/eg/main.php?id=85000037"
"Japan","Aubergine","Luxury Goods","Northern Europe","37128","","https://web.archive.org/web/20140214020456/http://uwodbmirror.ivyro.net/eg/main.php?id=85000037"
"Japan","Aubergine","Luxury Goods","Northern France","37128","","https://web.archive.org/web/20140214020456/http://uwodbmirror.ivyro.net/eg/main.php?id=85000037"
"Japan","Aubergine","Luxury Goods","Oceania","8736","","https://web.archive.org/web/20140214020456/http://uwodbmirror.ivyro.net/eg/main.php?id=85000037"
"Japan","Aubergine","Luxury Goods","Persia","18928","","https://web.archive.org/web/20140214020456/http://uwodbmirror.ivyro.net/eg/main.php?id=85000037"
"Japan","Aubergine","Luxury Goods","Southeast Asia","8736","","https://web.archive.org/web/20140214020456/http://uwodbmirror.ivyro.net/eg/main.php?id=85000037"
"Japan","Aubergine","Luxury Goods","The Balkans","51688","High price","https://web.archive.org/web/20140214020456/http://uwodbmirror.ivyro.net/eg/main.php?id=85000037"
"Japan","Aubergine","Luxury Goods","The British Isles","37128","","https://web.archive.org/web/20140214020456/http://uwodbmirror.ivyro.net/eg/main.php?id=85000037"
"Japan","Aubergine","Luxury Goods","The Near East","37128","","https://web.archive.org/web/20140214020456/http://uwodbmirror.ivyro.net/eg/main.php?id=85000037"
"Japan","Aubergine","Luxury Goods","The Netherlands","37128","","https://web.archive.org/web/20140214020456/http://uwodbmirror.ivyro.net/eg/main.php?id=85000037"
"Japan","Aubergine","Luxury Goods","Turkey","37128","","https://web.archive.org/web/20140214020456/http://uwodbmirror.ivyro.net/eg/main.php?id=85000037"
"Japan","Aubergine","Luxury Goods","W Coast of Latin America","22568","","https://web.archive.org/web/20140214020456/http://uwodbmirror.ivyro.net/eg/main.php?id=85000037"
"Japan","Aubergine","Luxury Goods","West Africa","26936","","https://web.archive.org/web/20140214020456/http://uwodbmirror.ivyro.net/eg/main.php?id=85000037"
"Japan","Calamus","Medicine","Arabia","21736","","https://web.archive.org/web/20140214020456/http://uwodbmirror.ivyro.net/eg/main.php?id=85000037"
"Japan","Calamus","Medicine","Atlantic Ocean","25916","","https://web.archive.org/web/20140214020456/http://uwodbmirror.ivyro.net/eg/main.php?id=85000037"
"Japan","Calamus","Medicine","Caribbean Sea","38456","","https://web.archive.org/web/20140214020456/http://uwodbmirror.ivyro.net/eg/main.php?id=85000037"
"Japan","Calamus","Medicine","E Coast of Latin America","34276","","https://web.archive.org/web/20140214020456/http://uwodbmirror.ivyro.net/eg/main.php?id=85000037"
"Japan","Calamus","Medicine","East Africa","24244","","https://web.archive.org/web/20140214020456/http://uwodbmirror.ivyro.net/eg/main.php?id=85000037"
"Japan","Calamus","Medicine","Germany","38456","","https://web.archive.org/web/20140214020456/http://uwodbmirror.ivyro.net/eg/main.php?id=85000037"
"Japan","Calamus","Medicine","Iberia","38456","","https://web.archive.org/web/20140214020456/http://uwodbmirror.ivyro.net/eg/main.php?id=85000037"
"Japan","Calamus","Medicine","India","19228","","https://web.archive.org/web/20140214020456/http://uwodbmirror.ivyro.net/eg/main.php?id=85000037"
"Japan","Calamus","Medicine","Indo-China","9196","","https://web.archive.org/web/20140214020456/http://uwodbmirror.ivyro.net/eg/main.php?id=85000037"
"Japan","Calamus","Medicine","Italy and Southern France","38456","","https://web.archive.org/web/20140214020456/http://uwodbmirror.ivyro.net/eg/main.php?id=85000037"
"Japan","Calamus","Medicine","North Africa","30096","","https://web.archive.org/web/20140214020456/http://uwodbmirror.ivyro.net/eg/main.php?id=85000037"
"Japan","Calamus","Medicine","North America","25916","","https://web.archive.org/web/20140214020456/http://uwodbmirror.ivyro.net/eg/main.php?id=85000037"
"Japan","Calamus","Medicine","Northern Europe","38456","","https://web.archive.org/web/20140214020456/http://uwodbmirror.ivyro.net/eg/main.php?id=85000037"
"Japan","Calamus","Medicine","Northern France","38456","","https://web.archive.org/web/20140214020456/http://uwodbmirror.ivyro.net/eg/main.php?id=85000037"
"Japan","Calamus","Medicine","Oceania","9196","","https://web.archive.org/web/20140214020456/http://uwodbmirror.ivyro.net/eg/main.php?id=85000037"
"Japan","Calamus","Medicine","Persia","28424","High price","https://web.archive.org/web/20140214020456/http://uwodbmirror.ivyro.net/eg/main.php?id=85000037"
"Japan","Calamus","Medicine","Southeast Asia","9196","","https://web.archive.org/web/20140214020456/http://uwodbmirror.ivyro.net/eg/main.php?id=85000037"
"Japan","Calamus","Medicine","The Balkans","38456","","https://web.archive.org/web/20140214020456/http://uwodbmirror.ivyro.net/eg/main.php?id=85000037"
"Japan","Calamus","Medicine","The British Isles","50996","High price","https://web.archive.org/web/20140214020456/http://uwodbmirror.ivyro.net/eg/main.php?id=85000037"
"Japan","Calamus","Medicine","The Near East","38456","","https://web.archive.org/web/20140214020456/http://uwodbmirror.ivyro.net/eg/main.php?id=85000037"
"Japan","Calamus","Medicine","The Netherlands","38456","","https://web.archive.org/web/20140214020456/http://uwodbmirror.ivyro.net/eg/main.php?id=85000037"
"Japan","Calamus","Medicine","Turkey","38456","","https://web.archive.org/web/20140214020456/http://uwodbmirror.ivyro.net/eg/main.php?id=85000037"
"Japan","Calamus","Medicine","W Coast of Latin America","25916","","https://web.archive.org/web/20140214020456/http://uwodbmirror.ivyro.net/eg/main.php?id=85000037"
"Japan","Calamus","Medicine","West Africa","26752","","https://web.archive.org/web/20140214020456/http://uwodbmirror.ivyro.net/eg/main.php?id=85000037"
"Japan","Cape Jasmine","Fragrances","Arabia","18512","","https://web.archive.org/web/20140214020456/http://uwodbmirror.ivyro.net/eg/main.php?id=85000037"
"Japan","Cape Jasmine","Fragrances","Atlantic Ocean","25632","","https://web.archive.org/web/20140214020456/http://uwodbmirror.ivyro.net/eg/main.php?id=85000037"
"Japan","Cape Jasmine","Fragrances","Caribbean Sea","36312","","https://web.archive.org/web/20140214020456/http://uwodbmirror.ivyro.net/eg/main.php?id=85000037"
"Japan","Cape Jasmine","Fragrances","E Coast of Latin America","32752","","https://web.archive.org/web/20140214020456/http://uwodbmirror.ivyro.net/eg/main.php?id=85000037"
"Japan","Cape Jasmine","Fragrances","East Africa","22072","","https://web.archive.org/web/20140214020456/http://uwodbmirror.ivyro.net/eg/main.php?id=85000037"
"Japan","Cape Jasmine","Fragrances","Germany","36312","","https://web.archive.org/web/20140214020456/http://uwodbmirror.ivyro.net/eg/main.php?id=85000037"
"Japan","Cape Jasmine","Fragrances","Iberia","36312","","https://web.archive.org/web/20140214020456/http://uwodbmirror.ivyro.net/eg/main.php?id=85000037"
"Japan","Cape Jasmine","Fragrances","India","25632","High price","https://web.archive.org/web/20140214020456/http://uwodbmirror.ivyro.net/eg/main.php?id=85000037"
"Japan","Cape Jasmine","Fragrances","Indo-China","8544","","https://web.archive.org/web/20140214020456/http://uwodbmirror.ivyro.net/eg/main.php?id=85000037"
"Japan","Cape Jasmine","Fragrances","Italy and Southern France","36312","","https://web.archive.org/web/20140214020456/http://uwodbmirror.ivyro.net/eg/main.php?id=85000037"
"Japan","Cape Jasmine","Fragrances","North Africa","29192","","https://web.archive.org/web/20140214020456/http://uwodbmirror.ivyro.net/eg/main.php?id=85000037"
"Japan","Cape Jasmine","Fragrances","North America","22072","","https://web.archive.org/web/20140214020456/http://uwodbmirror.ivyro.net/eg/main.php?id=85000037"
"Japan","Cape Jasmine","Fragrances","Northern Europe","36312","","https://web.archive.org/web/20140214020456/http://uwodbmirror.ivyro.net/eg/main.php?id=85000037"
"Japan","Cape Jasmine","Fragrances","Northern France","50552","High price","https://web.archive.org/web/20140214020456/http://uwodbmirror.ivyro.net/eg/main.php?id=85000037"
"Japan","Cape Jasmine","Fragrances","Oceania","8544","","https://web.archive.org/web/20140214020456/http://uwodbmirror.ivyro.net/eg/main.php?id=85000037"
"Japan","Cape Jasmine","Fragrances","Persia","18512","","https://web.archive.org/web/20140214020456/http://uwodbmirror.ivyro.net/eg/main.php?id=85000037"
"Japan","Cape Jasmine","Fragrances","Southeast Asia","8544","","https://web.archive.org/web/20140214020456/http://uwodbmirror.ivyro.net/eg/main.php?id=85000037"
"Japan","Cape Jasmine","Fragrances","The Balkans","36312","","https://web.archive.org/web/20140214020456/http://uwodbmirror.ivyro.net/eg/main.php?id=85000037"
"Japan","Cape Jasmine","Fragrances","The British Isles","36312","","https://web.archive.org/web/20140214020456/http://uwodbmirror.ivyro.net/eg/main.php?id=85000037"
"Japan","Cape Jasmine","Fragrances","The Near East","36312","","https://web.archive.org/web/20140214020456/http://uwodbmirror.ivyro.net/eg/main.php?id=85000037"
"Japan","Cape Jasmine","Fragrances","The Netherlands","50552","High price","https://web.archive.org/web/20140214020456/http://uwodbmirror.ivyro.net/eg/main.php?id=85000037"
"Japan","Cape Jasmine","Fragrances","Turkey","36312","","https://web.archive.org/web/20140214020456/http://uwodbmirror.ivyro.net/eg/main.php?id=85000037"
"Japan","Cape Jasmine","Fragrances","W Coast of Latin America","22072","","https://web.archive.org/web/20140214020456/http://uwodbmirror.ivyro.net/eg/main.php?id=85000037"
"Japan","Cape Jasmine","Fragrances","West Africa","26344","","https://web.archive.org/web/20140214020456/http://uwodbmirror.ivyro.net/eg/main.php?id=85000037"
"Japan","Iwami Silver","Precious Metals","Arabia","22260","","https://web.archive.org/web/20140214020456/http://uwodbmirror.ivyro.net/eg/main.php?id=85000037"
"Japan","Iwami Silver","Precious Metals","Atlantic Ocean","27560","","https://web.archive.org/web/20140214020456/http://uwodbmirror.ivyro.net/eg/main.php?id=85000037"
"Japan","Iwami Silver","Precious Metals","Caribbean Sea","27560","","https://web.archive.org/web/20140214020456/http://uwodbmirror.ivyro.net/eg/main.php?id=85000037"
"Japan","Iwami Silver","Precious Metals","E Coast of Latin America","16960","","https://web.archive.org/web/20140214020456/http://uwodbmirror.ivyro.net/eg/main.php?id=85000037"
"Japan","Iwami Silver","Precious Metals","East Africa","22260","","https://web.archive.org/web/20140214020456/http://uwodbmirror.ivyro.net/eg/main.php?id=85000037"
"Japan","Iwami Silver","Precious Metals","Germany","41340","","https://web.archive.org/web/20140214020456/http://uwodbmirror.ivyro.net/eg/main.php?id=85000037"
"Japan","Iwami Silver","Precious Metals","Iberia","50880","High price","https://web.archive.org/web/20140214020456/http://uwodbmirror.ivyro.net/eg/main.php?id=85000037"
"Japan","Iwami Silver","Precious Metals","India","18020","","https://web.archive.org/web/20140214020456/http://uwodbmirror.ivyro.net/eg/main.php?id=85000037"
"Japan","Iwami Silver","Precious Metals","Indo-China","8480","","https://web.archive.org/web/20140214020456/http://uwodbmirror.ivyro.net/eg/main.php?id=85000037"
"Japan","Iwami Silver","Precious Metals","Italy and Southern France","41340","","https://web.archive.org/web/20140214020456/http://uwodbmirror.ivyro.net/eg/main.php?id=85000037"
"Japan","Iwami Silver","Precious Metals","North Africa","29680","","https://web.archive.org/web/20140214020456/http://uwodbmirror.ivyro.net/eg/main.php?id=85000037"
"Japan","Iwami Silver","Precious Metals","North America","11660","","https://web.archive.org/web/20140214020456/http://uwodbmirror.ivyro.net/eg/main.php?id=85000037"
"Japan","Iwami Silver","Precious Metals","Northern Europe","41340","","https://web.archive.org/web/20140214020456/http://uwodbmirror.ivyro.net/eg/main.php?id=85000037"
"Japan","Iwami Silver","Precious Metals","Northern France","41340","","https://web.archive.org/web/20140214020456/http://uwodbmirror.ivyro.net/eg/main.php?id=85000037"
"Japan","Iwami Silver","Precious Metals","Oceania","8480","","https://web.archive.org/web/20140214020456/http://uwodbmirror.ivyro.net/eg/main.php?id=85000037"
"Japan","Iwami Silver","Precious Metals","Persia","32860","High price","https://web.archive.org/web/20140214020456/http://uwodbmirror.ivyro.net/eg/main.php?id=85000037"
"Japan","Iwami Silver","Precious Metals","Southeast Asia","8480","","https://web.archive.org/web/20140214020456/http://uwodbmirror.ivyro.net/eg/main.php?id=85000037"
"Japan","Iwami Silver","Precious Metals","The Balkans","41340","","https://web.archive.org/web/20140214020456/http://uwodbmirror.ivyro.net/eg/main.php?id=85000037"
"Japan","Iwami Silver","Precious Metals","The British Isles","41340","","https://web.archive.org/web/20140214020456/http://uwodbmirror.ivyro.net/eg/main.php?id=85000037"
"Japan","Iwami Silver","Precious Metals","The Near East","41340","","https://web.archive.org/web/20140214020456/http://uwodbmirror.ivyro.net/eg/main.php?id=85000037"
"Japan","Iwami Silver","Precious Metals","The Netherlands","41340","","https://web.archive.org/web/20140214020456/http://uwodbmirror.ivyro.net/eg/main.php?id=85000037"
"Japan","Iwami Silver","Precious Metals","Turkey","41340","","https://web.archive.org/web/20140214020456/http://uwodbmirror.ivyro.net/eg/main.php?id=85000037"
"Japan","Iwami Silver","Precious Metals","W Coast of Latin America","11660","","https://web.archive.org/web/20140214020456/http://uwodbmirror.ivyro.net/eg/main.php?id=85000037"
"Japan","Iwami Silver","Precious Metals","West Africa","27560","","https://web.archive.org/web/20140214020456/http://uwodbmirror.ivyro.net/eg/main.php?id=85000037"
"Japan","Japanese Books","Sundries","Arabia","21112","","https://web.archive.org/web/20140214020456/http://uwodbmirror.ivyro.net/eg/main.php?id=85000037"
"Japan","Japanese Books","Sundries","Atlantic Ocean","41412","High price","https://web.archive.org/web/20140214020456/http://uwodbmirror.ivyro.net/eg/main.php?id=85000037"
"Japan","Japanese Books","Sundries","Caribbean Sea","38164","","https://web.archive.org/web/20140214020456/http://uwodbmirror.ivyro.net/eg/main.php?id=85000037"
"Japan","Japanese Books","Sundries","E Coast of Latin America","34916","","https://web.archive.org/web/20140214020456/http://uwodbmirror.ivyro.net/eg/main.php?id=85000037"
"Japan","Japanese Books","Sundries","East Africa","17052","","https://web.archive.org/web/20140214020456/http://uwodbmirror.ivyro.net/eg/main.php?id=85000037"
"Japan","Japanese Books","Sundries","Germany","51156","High price","https://web.archive.org/web/20140214020456/http://uwodbmirror.ivyro.net/eg/main.php?id=85000037"
"Japan","Japanese Books","Sundries","Iberia","51156","High price","https://web.archive.org/web/20140214020456/http://uwodbmirror.ivyro.net/eg/main.php?id=85000037"
"Japan","Japanese Books","Sundries","India","18676","","https://web.archive.org/web/20140214020456/http://uwodbmirror.ivyro.net/eg/main.php?id=85000037"
"Japan","Japanese Books","Sundries","Indo-China","9744","","https://web.archive.org/web/20140214020456/http://uwodbmirror.ivyro.net/eg/main.php?id=85000037"
"Japan","Japanese Books","Sundries","Italy and Southern France","38976","","https://web.archive.org/web/20140214020456/http://uwodbmirror.ivyro.net/eg/main.php?id=85000037"
"Japan","Japanese Books","Sundries","North Africa","29232","","https://web.archive.org/web/20140214020456/http://uwodbmirror.ivyro.net/eg/main.php?id=85000037"
"Japan","Japanese Books","Sundries","North America","23548","","https://web.archive.org/web/20140214020456/http://uwodbmirror.ivyro.net/eg/main.php?id=85000037"
"Japan","Japanese Books","Sundries","Northern Europe","38976","","https://web.archive.org/web/20140214020456/http://uwodbmirror.ivyro.net/eg/main.php?id=85000037"
"Japan","Japanese Books","Sundries","Northern France","38976","","https://web.archive.org/web/20140214020456/http://uwodbmirror.ivyro.net/eg/main.php?id=85000037"
"Japan","Japanese Books","Sundries","Oceania","9744","","https://web.archive.org/web/20140214020456/http://uwodbmirror.ivyro.net/eg/main.php?id=85000037"
"Japan","Japanese Books","Sundries","Persia","20300","","https://web.archive.org/web/20140214020456/http://uwodbmirror.ivyro.net/eg/main.php?id=85000037"
"Japan","Japanese Books","Sundries","Southeast Asia","9744","","https://web.archive.org/web/20140214020456/http://uwodbmirror.ivyro.net/eg/main.php?id=85000037"
"Japan","Japanese Books","Sundries","The Balkans","38976","","https://web.archive.org/web/20140214020456/http://uwodbmirror.ivyro.net/eg/main.php?id=85000037"
"Japan","Japanese Books","Sundries","The British Isles","38976","","https://web.archive.org/web/20140214020456/http://uwodbmirror.ivyro.net/eg/main.php?id=85000037"
"Japan","Japanese Books","Sundries","The Near East","38976","","https://web.archive.org/web/20140214020456/http://uwodbmirror.ivyro.net/eg/main.php?id=85000037"
"Japan","Japanese Books","Sundries","The Netherlands","38976","","https://web.archive.org/web/20140214020456/http://uwodbmirror.ivyro.net/eg/main.php?id=85000037"
"Japan","Japanese Books","Sundries","Turkey","38976","","https://web.archive.org/web/20140214020456/http://uwodbmirror.ivyro.net/eg/main.php?id=85000037"
"Japan","Japanese Books","Sundries","W Coast of Latin America","23548","","https://web.archive.org/web/20140214020456/http://uwodbmirror.ivyro.net/eg/main.php?id=85000037"
"Japan","Japanese Books","Sundries","West Africa","17052","","https://web.archive.org/web/20140214020456/http://uwodbmirror.ivyro.net/eg/main.php?id=85000037"
"Japan","Japanese Katana","Arms","Arabia","21068","","https://web.archive.org/web/20140214020456/http://uwodbmirror.ivyro.net/eg/main.php?id=85000037"
"Japan","Japanese Katana","Arms","Atlantic Ocean","23816","","https://web.archive.org/web/20140214020456/http://uwodbmirror.ivyro.net/eg/main.php?id=85000037"
"Japan","Japanese Katana","Arms","Caribbean Sea","37556","","https://web.archive.org/web/20140214020456/http://uwodbmirror.ivyro.net/eg/main.php?id=85000037"
"Japan","Japanese Katana","Arms","E Coast of Latin America","35724","","https://web.archive.org/web/20140214020456/http://uwodbmirror.ivyro.net/eg/main.php?id=85000037"
"Japan","Japanese Katana","Arms","East Africa","23816","","https://web.archive.org/web/20140214020456/http://uwodbmirror.ivyro.net/eg/main.php?id=85000037"
"Japan","Japanese Katana","Arms","Germany","37556","","https://web.archive.org/web/20140214020456/http://uwodbmirror.ivyro.net/eg/main.php?id=85000037"
"Japan","Japanese Katana","Arms","Iberia","37556","","https://web.archive.org/web/20140214020456/http://uwodbmirror.ivyro.net/eg/main.php?id=85000037"
"Japan","Japanese Katana","Arms","India","17404","","https://web.archive.org/web/20140214020456/http://uwodbmirror.ivyro.net/eg/main.php?id=85000037"
"Japan","Japanese Katana","Arms","Indo-China","9160","","https://web.archive.org/web/20140214020456/http://uwodbmirror.ivyro.net/eg/main.php?id=85000037"
"Japan","Japanese Katana","Arms","Italy and Southern France","37556","","https://web.archive.org/web/20140214020456/http://uwodbmirror.ivyro.net/eg/main.php?id=85000037"
"Japan","Japanese Katana","Arms","North Africa","28396","","https://web.archive.org/web/20140214020456/http://uwodbmirror.ivyro.net/eg/main.php?id=85000037"
"Japan","Japanese Katana","Arms","North America","23816","","https://web.archive.org/web/20140214020456/http://uwodbmirror.ivyro.net/eg/main.php?id=85000037"
"Japan","Japanese Katana","Arms","Northern Europe","37556","","https://web.archive.org/web/20140214020456/http://uwodbmirror.ivyro.net/eg/main.php?id=85000037"
"Japan","Japanese Katana","Arms","Northern France","37556","","https://web.archive.org/web/20140214020456/http://uwodbmirror.ivyro.net/eg/main.php?id=85000037"
"Japan","Japanese Katana","Arms","Oceania","9160","","https://web.archive.org/web/20140214020456/http://uwodbmirror.ivyro.net/eg/main.php?id=85000037"
"Japan","Japanese Katana","Arms","Persia","21068","","https://web.archive.org/web/20140214020456/http://uwodbmirror.ivyro.net/eg/main.php?id=85000037"
"Japan","Japanese Katana","Arms","Southeast Asia","9160","","https://web.archive.org/web/20140214020456/http://uwodbmirror.ivyro.net/eg/main.php?id=85000037"
"Japan","Japanese Katana","Arms","The Balkans","37556","","https://web.archive.org/web/20140214020456/http://uwodbmirror.ivyro.net/eg/main.php?id=85000037"
"Japan","Japanese Katana","Arms","The British Isles","51296","High price","https://web.archive.org/web/20140214020456/http://uwodbmirror.ivyro.net/eg/main.php?id=85000037"
"Japan","Japanese Katana","Arms","The Near East","46716","High price","https://web.archive.org/web/20140214020456/http://uwodbmirror.ivyro.net/eg/main.php?id=85000037"
"Japan","Japanese Katana","Arms","The Netherlands","37556","","https://web.archive.org/web/20140214020456/http://uwodbmirror.ivyro.net/eg/main.php?id=85000037"
"Japan","Japanese Katana","Arms","Turkey","37556","","https://web.archive.org/web/20140214020456/http://uwodbmirror.ivyro.net/eg/main.php?id=85000037"
"Japan","Japanese Katana","Arms","W Coast of Latin America","23816","","https://web.archive.org/web/20140214020456/http://uwodbmirror.ivyro.net/eg/main.php?id=85000037"
"Japan","Japanese Katana","Arms","West Africa","37556","High price","https://web.archive.org/web/20140214020456/http://uwodbmirror.ivyro.net/eg/main.php?id=85000037"
"Japan","Japanese Paper","Wares","Arabia","19656","","https://web.archive.org/web/20140214020456/http://uwodbmirror.ivyro.net/eg/main.php?id=85000037"
"Japan","Japanese Paper","Wares","Atlantic Ocean","27216","","https://web.archive.org/web/20140214020456/http://uwodbmirror.ivyro.net/eg/main.php?id=85000037"
"Japan","Japanese Paper","Wares","Caribbean Sea","38556","","https://web.archive.org/web/20140214020456/http://uwodbmirror.ivyro.net/eg/main.php?id=85000037"
"Japan","Japanese Paper","Wares","E Coast of Latin America","34776","","https://web.archive.org/web/20140214020456/http://uwodbmirror.ivyro.net/eg/main.php?id=85000037"
"Japan","Japanese Paper","Wares","East Africa","23436","","https://web.archive.org/web/20140214020456/http://uwodbmirror.ivyro.net/eg/main.php?id=85000037"
"Japan","Japanese Paper","Wares","Germany","38556","","https://web.archive.org/web/20140214020456/http://uwodbmirror.ivyro.net/eg/main.php?id=85000037"
"Japan","Japanese Paper","Wares","Iberia","38556","","https://web.archive.org/web/20140214020456/http://uwodbmirror.ivyro.net/eg/main.php?id=85000037"
"Japan","Japanese Paper","Wares","India","17388","","https://web.archive.org/web/20140214020456/http://uwodbmirror.ivyro.net/eg/main.php?id=85000037"
"Japan","Japanese Paper","Wares","Indo-China","9072","","https://web.archive.org/web/20140214020456/http://uwodbmirror.ivyro.net/eg/main.php?id=85000037"
"Japan","Japanese Paper","Wares","Italy and Southern France","38556","","https://web.archive.org/web/20140214020456/http://uwodbmirror.ivyro.net/eg/main.php?id=85000037"
"Japan","Japanese Paper","Wares","North Africa","42336","High price","https://web.archive.org/web/20140214020456/http://uwodbmirror.ivyro.net/eg/main.php?id=85000037"
"Japan","Japanese Paper","Wares","North America","23436","","https://web.archive.org/web/20140214020456/http://uwodbmirror.ivyro.net/eg/main.php?id=85000037"
"Japan","Japanese Paper","Wares","Northern Europe","38556","","https://web.archive.org/web/20140214020456/http://uwodbmirror.ivyro.net/eg/main.php?id=85000037"
"Japan","Japanese Paper","Wares","Northern France","38556","","https://web.archive.org/web/20140214020456/http://uwodbmirror.ivyro.net/eg/main.php?id=85000037"
"Japan","Japanese Paper","Wares","Oceania","9072","","https://web.archive.org/web/20140214020456/http://uwodbmirror.ivyro.net/eg/main.php?id=85000037"
"Japan","Japanese Paper","Wares","Persia","27216","High price","https://web.archive.org/web/20140214020456/http://uwodbmirror.ivyro.net/eg/main.php?id=85000037"
"Japan","Japanese Paper","Wares","Southeast Asia","9072","","https://web.archive.org/web/20140214020456/http://uwodbmirror.ivyro.net/eg/main.php?id=85000037"
"Japan","Japanese Paper","Wares","The Balkans","38556","","https://web.archive.org/web/20140214020456/http://uwodbmirror.ivyro.net/eg/main.php?id=85000037"
"Japan","Japanese Paper","Wares","The British Isles","51408","High price","https://web.archive.org/web/20140214020456/http://uwodbmirror.ivyro.net/eg/main.php?id=85000037"
"Japan","Japanese Paper","Wares","The Near East","38556","","https://web.archive.org/web/20140214020456/http://uwodbmirror.ivyro.net/eg/main.php?id=85000037"
"Japan","Japanese Paper","Wares","The Netherlands","38556","","https://web.archive.org/web/20140214020456/http://uwodbmirror.ivyro.net/eg/main.php?id=85000037"
"Japan","Japanese Paper","Wares","Turkey","38556","","https://web.archive.org/web/20140214020456/http://uwodbmirror.ivyro.net/eg/main.php?id=85000037"
"Japan","Japanese Paper","Wares","W Coast of Latin America","23436","","https://web.archive.org/web/20140214020456/http://uwodbmirror.ivyro.net/eg/main.php?id=85000037"
"Japan","Japanese Paper","Wares","West Africa","27972","","https://web.archive.org/web/20140214020456/http://uwodbmirror.ivyro.net/eg/main.php?id=85000037"
"Japan","Japanese-style Painting","Artwork","Arabia","22560","","https://web.archive.org/web/20140214020456/http://uwodbmirror.ivyro.net/eg/main.php?id=85000037"
"Japan","Japanese-style Painting","Artwork","Atlantic Ocean","24440","","https://web.archive.org/web/20140214020456/http://uwodbmirror.ivyro.net/eg/main.php?id=85000037"
"Japan","Japanese-style Painting","Artwork","Caribbean Sea","38540","","https://web.archive.org/web/20140214020456/http://uwodbmirror.ivyro.net/eg/main.php?id=85000037"
"Japan","Japanese-style Painting","Artwork","E Coast of Latin America","34780","","https://web.archive.org/web/20140214020456/http://uwodbmirror.ivyro.net/eg/main.php?id=85000037"
"Japan","Japanese-style Painting","Artwork","East Africa","23500","","https://web.archive.org/web/20140214020456/http://uwodbmirror.ivyro.net/eg/main.php?id=85000037"
"Japan","Japanese-style Painting","Artwork","Germany","38540","","https://web.archive.org/web/20140214020456/http://uwodbmirror.ivyro.net/eg/main.php?id=85000037"
"Japan","Japanese-style Painting","Artwork","Iberia","38540","","https://web.archive.org/web/20140214020456/http://uwodbmirror.ivyro.net/eg/main.php?id=85000037"
"Japan","Japanese-style Painting","Artwork","India","18800","","https://web.archive.org/web/20140214020456/http://uwodbmirror.ivyro.net/eg/main.php?id=85000037"
"Japan","Japanese-style Painting","Artwork","Indo-China","9400","","https://web.archive.org/web/20140214020456/http://uwodbmirror.ivyro.net/eg/main.php?id=85000037"
"Japan","Japanese-style Painting","Artwork","Italy and Southern France","47940","High price","https://web.archive.org/web/20140214020456/http://uwodbmirror.ivyro.net/eg/main.php?id=85000037"
"Japan","Japanese-style Painting","Artwork","North Africa","29140","","https://web.archive.org/web/20140214020456/http://uwodbmirror.ivyro.net/eg/main.php?id=85000037"
"Japan","Japanese-style Painting","Artwork","North America","24440","","https://web.archive.org/web/20140214020456/http://uwodbmirror.ivyro.net/eg/main.php?id=85000037"
"Japan","Japanese-style Painting","Artwork","Northern Europe","38540","","https://web.archive.org/web/20140214020456/http://uwodbmirror.ivyro.net/eg/main.php?id=85000037"
"Japan","Japanese-style Painting","Artwork","Northern France","47940","High price","https://web.archive.org/web/20140214020456/http://uwodbmirror.ivyro.net/eg/main.php?id=85000037"
"Japan","Japanese-style Painting","Artwork","Oceania","9400","","https://web.archive.org/web/20140214020456/http://uwodbmirror.ivyro.net/eg/main.php?id=85000037"
"Japan","Japanese-style Painting","Artwork","Persia","21620","","https://web.archive.org/web/20140214020456/http://uwodbmirror.ivyro.net/eg/main.php?id=85000037"
"Japan","Japanese-style Painting","Artwork","Southeast Asia","9400","","https://web.archive.org/web/20140214020456/http://uwodbmirror.ivyro.net/eg/main.php?id=85000037"
"Japan","Japanese-style Painting","Artwork","The Balkans","38540","","https://web.archive.org/web/20140214020456/http://uwodbmirror.ivyro.net/eg/main.php?id=85000037"
"Japan","Japanese-style Painting","Artwork","The British Isles","38540","","https://web.archive.org/web/20140214020456/http://uwodbmirror.ivyro.net/eg/main.php?id=85000037"
"Japan","Japanese-style Painting","Artwork","The Near East","38540","","https://web.archive.org/web/20140214020456/http://uwodbmirror.ivyro.net/eg/main.php?id=85000037"
"Japan","Japanese-style Painting","Artwork","The Netherlands","38540","","https://web.archive.org/web/20140214020456/http://uwodbmirror.ivyro.net/eg/main.php?id=85000037"
"Japan","Japanese-style Painting","Artwork","Turkey","38540","","https://web.archive.org/web/20140214020456/http://uwodbmirror.ivyro.net/eg/main.php?id=85000037"
"Japan","Japanese-style Painting","Artwork","W Coast of Latin America","24440","","https://web.archive.org/web/20140214020456/http://uwodbmirror.ivyro.net/eg/main.php?id=85000037"
"Japan","Japanese-style Painting","Artwork","West Africa","19740","","https://web.archive.org/web/20140214020456/http://uwodbmirror.ivyro.net/eg/main.php?id=85000037"
"Japan","Lacquerware","Crafts","Arabia","21312","","https://web.archive.org/web/20140214020456/http://uwodbmirror.ivyro.net/eg/main.php?id=85000037"
"Japan","Lacquerware","Crafts","Atlantic Ocean","25752","","https://web.archive.org/web/20140214020456/http://uwodbmirror.ivyro.net/eg/main.php?id=85000037"
"Japan","Lacquerware","Crafts","Caribbean Sea","40848","","https://web.archive.org/web/20140214020456/http://uwodbmirror.ivyro.net/eg/main.php?id=85000037"
"Japan","Lacquerware","Crafts","E Coast of Latin America","33744","","https://web.archive.org/web/20140214020456/http://uwodbmirror.ivyro.net/eg/main.php?id=85000037"
"Japan","Lacquerware","Crafts","East Africa","23088","","https://web.archive.org/web/20140214020456/http://uwodbmirror.ivyro.net/eg/main.php?id=85000037"
"Japan","Lacquerware","Crafts","Germany","40848","","https://web.archive.org/web/20140214020456/http://uwodbmirror.ivyro.net/eg/main.php?id=85000037"
"Japan","Lacquerware","Crafts","Iberia","40848","","https://web.archive.org/web/20140214020456/http://uwodbmirror.ivyro.net/eg/main.php?id=85000037"
"Japan","Lacquerware","Crafts","India","18648","","https://web.archive.org/web/20140214020456/http://uwodbmirror.ivyro.net/eg/main.php?id=85000037"
"Japan","Lacquerware","Crafts","Indo-China","8880","","https://web.archive.org/web/20140214020456/http://uwodbmirror.ivyro.net/eg/main.php?id=85000037"
"Japan","Lacquerware","Crafts","Italy and Southern France","40848","","https://web.archive.org/web/20140214020456/http://uwodbmirror.ivyro.net/eg/main.php?id=85000037"
"Japan","Lacquerware","Crafts","North Africa","29304","","https://web.archive.org/web/20140214020456/http://uwodbmirror.ivyro.net/eg/main.php?id=85000037"
"Japan","Lacquerware","Crafts","North America","25752","","https://web.archive.org/web/20140214020456/http://uwodbmirror.ivyro.net/eg/main.php?id=85000037"
"Japan","Lacquerware","Crafts","Northern Europe","51504","High price","https://web.archive.org/web/20140214020456/http://uwodbmirror.ivyro.net/eg/main.php?id=85000037"
"Japan","Lacquerware","Crafts","Northern France","40848","","https://web.archive.org/web/20140214020456/http://uwodbmirror.ivyro.net/eg/main.php?id=85000037"
"Japan","Lacquerware","Crafts","Oceania","8880","","https://web.archive.org/web/20140214020456/http://uwodbmirror.ivyro.net/eg/main.php?id=85000037"
"Japan","Lacquerware","Crafts","Persia","20424","","https://web.archive.org/web/20140214020456/http://uwodbmirror.ivyro.net/eg/main.php?id=85000037"
"Japan","Lacquerware","Crafts","Southeast Asia","8880","","https://web.archive.org/web/20140214020456/http://uwodbmirror.ivyro.net/eg/main.php?id=85000037"
"Japan","Lacquerware","Crafts","The Balkans","40848","","https://web.archive.org/web/20140214020456/http://uwodbmirror.ivyro.net/eg/main.php?id=85000037"
"Japan","Lacquerware","Crafts","The British Isles","40848","","https://web.archive.org/web/20140214020456/http://uwodbmirror.ivyro.net/eg/main.php?id=85000037"
"Japan","Lacquerware","Crafts","The Near East","40848","","https://web.archive.org/web/20140214020456/http://uwodbmirror.ivyro.net/eg/main.php?id=85000037"
"Japan","Lacquerware","Crafts","The Netherlands","40848","","https://web.archive.org/web/20140214020456/http://uwodbmirror.ivyro.net/eg/main.php?id=85000037"
"Japan","Lacquerware","Crafts","Turkey","51504","High price","https://web.archive.org/web/20140214020456/http://uwodbmirror.ivyro.net/eg/main.php?id=85000037"
"Japan","Lacquerware","Crafts","W Coast of Latin America","25752","","https://web.archive.org/web/20140214020456/http://uwodbmirror.ivyro.net/eg/main.php?id=85000037"
"Japan","Lacquerware","Crafts","West Africa","27528","","https://web.archive.org/web/20140214020456/http://uwodbmirror.ivyro.net/eg/main.php?id=85000037"
"Japan","Nishijin Fabric","Fabrics","Arabia","21560","","https://web.archive.org/web/20140214020456/http://uwodbmirror.ivyro.net/eg/main.php?id=85000037"
"Japan","Nishijin Fabric","Fabrics","Atlantic Ocean","25480","","https://web.archive.org/web/20140214020456/http://uwodbmirror.ivyro.net/eg/main.php?id=85000037"
"Japan","Nishijin Fabric","Fabrics","Caribbean Sea","40180","","https://web.archive.org/web/20140214020456/http://uwodbmirror.ivyro.net/eg/main.php?id=85000037"
"Japan","Nishijin Fabric","Fabrics","E Coast of Latin America","35280","","https://web.archive.org/web/20140214020456/http://uwodbmirror.ivyro.net/eg/main.php?id=85000037"
"Japan","Nishijin Fabric","Fabrics","East Africa","21560","","https://web.archive.org/web/20140214020456/http://uwodbmirror.ivyro.net/eg/main.php?id=85000037"
"Japan","Nishijin Fabric","Fabrics","Germany","40180","","https://web.archive.org/web/20140214020456/http://uwodbmirror.ivyro.net/eg/main.php?id=85000037"
"Japan","Nishijin Fabric","Fabrics","Iberia","40180","","https://web.archive.org/web/20140214020456/http://uwodbmirror.ivyro.net/eg/main.php?id=85000037"
"Japan","Nishijin Fabric","Fabrics","India","18620","","https://web.archive.org/web/20140214020456/http://uwodbmirror.ivyro.net/eg/main.php?id=85000037"
"Japan","Nishijin Fabric","Fabrics","Indo-China","8820","","https://web.archive.org/web/20140214020456/http://uwodbmirror.ivyro.net/eg/main.php?id=85000037"
"Japan","Nishijin Fabric","Fabrics","Italy and Southern France","40180","","https://web.archive.org/web/20140214020456/http://uwodbmirror.ivyro.net/eg/main.php?id=85000037"
"Japan","Nishijin Fabric","Fabrics","North Africa","29400","","https://web.archive.org/web/20140214020456/http://uwodbmirror.ivyro.net/eg/main.php?id=85000037"
"Japan","Nishijin Fabric","Fabrics","North America","25480","","https://web.archive.org/web/20140214020456/http://uwodbmirror.ivyro.net/eg/main.php?id=85000037"
"Japan","Nishijin Fabric","Fabrics","Northern Europe","40180","","https://web.archive.org/web/20140214020456/http://uwodbmirror.ivyro.net/eg/main.php?id=85000037"
"Japan","Nishijin Fabric","Fabrics","Northern France","40180","","https://web.archive.org/web/20140214020456/http://uwodbmirror.ivyro.net/eg/main.php?id=85000037"
"Japan","Nishijin Fabric","Fabrics","Oceania","8820","","https://web.archive.org/web/20140214020456/http://uwodbmirror.ivyro.net/eg/main.php?id=85000037"
"Japan","Nishijin Fabric","Fabrics","Persia","21560","","https://web.archive.org/web/20140214020456/http://uwodbmirror.ivyro.net/eg/main.php?id=85000037"
"Japan","Nishijin Fabric","Fabrics","Southeast Asia","8820","","https://web.archive.org/web/20140214020456/http://uwodbmirror.ivyro.net/eg/main.php?id=85000037"
"Japan","Nishijin Fabric","Fabrics","The Balkans","40180","","https://web.archive.org/web/20140214020456/http://uwodbmirror.ivyro.net/eg/main.php?id=85000037"
"Japan","Nishijin Fabric","Fabrics","The British Isles","51940","High price","https://web.archive.org/web/20140214020456/http://uwodbmirror.ivyro.net/eg/main.php?id=85000037"
"Japan","Nishijin Fabric","Fabrics","The Near East","40180","","https://web.archive.org/web/20140214020456/http://uwodbmirror.ivyro.net/eg/main.php?id=85000037"
"Japan","Nishijin Fabric","Fabrics","The Netherlands","51940","High price","https://web.archive.org/web/20140214020456/http://uwodbmirror.ivyro.net/eg/main.php?id=85000037"
"Japan","Nishijin Fabric","Fabrics","Turkey","40180","","https://web.archive.org/web/20140214020456/http://uwodbmirror.ivyro.net/eg/main.php?id=85000037"
"Japan","Nishijin Fabric","Fabrics","W Coast of Latin America","25480","","https://web.archive.org/web/20140214020456/http://uwodbmirror.ivyro.net/eg/main.php?id=85000037"
"Japan","Nishijin Fabric","Fabrics","West Africa","27440","","https://web.archive.org/web/20140214020456/http://uwodbmirror.ivyro.net/eg/main.php?id=85000037"
"Japan","Nut Galls","Dyes","Arabia","20280","","https://web.archive.org/web/20140214020456/http://uwodbmirror.ivyro.net/eg/main.php?id=85000037"
"Japan","Nut Galls","Dyes","Atlantic Ocean","24180","","https://web.archive.org/web/20140214020456/http://uwodbmirror.ivyro.net/eg/main.php?id=85000037"
"Japan","Nut Galls","Dyes","Caribbean Sea","39780","","https://web.archive.org/web/20140214020456/http://uwodbmirror.ivyro.net/eg/main.php?id=85000037"
"Japan","Nut Galls","Dyes","E Coast of Latin America","35880","","https://web.archive.org/web/20140214020456/http://uwodbmirror.ivyro.net/eg/main.php?id=85000037"
"Japan","Nut Galls","Dyes","East Africa","24180","","https://web.archive.org/web/20140214020456/http://uwodbmirror.ivyro.net/eg/main.php?id=85000037"
"Japan","Nut Galls","Dyes","Germany","39780","","https://web.archive.org/web/20140214020456/http://uwodbmirror.ivyro.net/eg/main.php?id=85000037"
"Japan","Nut Galls","Dyes","Iberia","39780","","https://web.archive.org/web/20140214020456/http://uwodbmirror.ivyro.net/eg/main.php?id=85000037"
"Japan","Nut Galls","Dyes","India","17940","","https://web.archive.org/web/20140214020456/http://uwodbmirror.ivyro.net/eg/main.php?id=85000037"
"Japan","Nut Galls","Dyes","Indo-China","9360","","https://web.archive.org/web/20140214020456/http://uwodbmirror.ivyro.net/eg/main.php?id=85000037"
"Japan","Nut Galls","Dyes","Italy and Southern France","51480","High price","https://web.archive.org/web/20140214020456/http://uwodbmirror.ivyro.net/eg/main.php?id=85000037"
"Japan","Nut Galls","Dyes","North Africa","29640","","https://web.archive.org/web/20140214020456/http://uwodbmirror.ivyro.net/eg/main.php?id=85000037"
"Japan","Nut Galls","Dyes","North America","24180","","https://web.archive.org/web/20140214020456/http://uwodbmirror.ivyro.net/eg/main.php?id=85000037"
"Japan","Nut Galls","Dyes","Northern Europe","39780","","https://web.archive.org/web/20140214020456/http://uwodbmirror.ivyro.net/eg/main.php?id=85000037"
"Japan","Nut Galls","Dyes","Northern France","39780","","https://web.archive.org/web/20140214020456/http://uwodbmirror.ivyro.net/eg/main.php?id=85000037"
"Japan","Nut Galls","Dyes","Oceania","9360","","https://web.archive.org/web/20140214020456/http://uwodbmirror.ivyro.net/eg/main.php?id=85000037"
"Japan","Nut Galls","Dyes","Persia","20280","","https://web.archive.org/web/20140214020456/http://uwodbmirror.ivyro.net/eg/main.php?id=85000037"
"Japan","Nut Galls","Dyes","Southeast Asia","9360","","https://web.archive.org/web/20140214020456/http://uwodbmirror.ivyro.net/eg/main.php?id=85000037"
"Japan","Nut Galls","Dyes","The Balkans","39780","","https://web.archive.org/web/20140214020456/http://uwodbmirror.ivyro.net/eg/main.php?id=85000037"
"Japan","Nut Galls","Dyes","The British Isles","39780","","https://web.archive.org/web/20140214020456/http://uwodbmirror.ivyro.net/eg/main.php?id=85000037"
"Japan","Nut Galls","Dyes","The Near East","37440","","https://web.archive.org/web/20140214020456/http://uwodbmirror.ivyro.net/eg/main.php?id=85000037"
"Japan","Nut Galls","Dyes","The Netherlands","51480","High price","https://web.archive.org/web/20140214020456/http://uwodbmirror.ivyro.net/eg/main.php?id=85000037"
"Japan","Nut Galls","Dyes","Turkey","47580","High price","https://web.archive.org/web/20140214020456/http://uwodbmirror.ivyro.net/eg/main.php?id=85000037"
"Japan","Nut Galls","Dyes","W Coast of Latin America","24180","","https://web.archive.org/web/20140214020456/http://uwodbmirror.ivyro.net/eg/main.php?id=85000037"
"Japan","Nut Galls","Dyes","West Africa","26520","","https://web.archive.org/web/20140214020456/http://uwodbmirror.ivyro.net/eg/main.php?id=85000037"
"Japan","Paper lantern","Sundries","Arabia","2616","","https://web.archive.org/web/20140214020456/http://uwodbmirror.ivyro.net/eg/main.php?id=85000037"
"Japan","Paper lantern","Sundries","Atlantic Ocean","60168","Very high price","https://web.archive.org/web/20140214020456/http://uwodbmirror.ivyro.net/eg/main.php?id=85000037"
"Japan","Paper lantern","Sundries","Caribbean Sea","2616","","https://web.archive.org/web/20140214020456/http://uwodbmirror.ivyro.net/eg/main.php?id=85000037"
"Japan","Paper lantern","Sundries","E Coast of Latin America","2616","","https://web.archive.org/web/20140214020456/http://uwodbmirror.ivyro.net/eg/main.php?id=85000037"
"Japan","Paper lantern","Sundries","East Africa","2616","","https://web.archive.org/web/20140214020456/http://uwodbmirror.ivyro.net/eg/main.php?id=85000037"
"Japan","Paper lantern","Sundries","Germany","9156","","https://web.archive.org/web/20140214020456/http://uwodbmirror.ivyro.net/eg/main.php?id=85000037"
"Japan","Paper lantern","Sundries","Iberia","9156","","https://web.archive.org/web/20140214020456/http://uwodbmirror.ivyro.net/eg/main.php?id=85000037"
"Japan","Paper lantern","Sundries","India","2616","","https://web.archive.org/web/20140214020456/http://uwodbmirror.ivyro.net/eg/main.php?id=85000037"
"Japan","Paper lantern","Sundries","Indo-China","2616","","https://web.archive.org/web/20140214020456/http://uwodbmirror.ivyro.net/eg/main.php?id=85000037"
"Japan","Paper lantern","Sundries","Italy and Southern France","60168","Very high price","https://web.archive.org/web/20140214020456/http://uwodbmirror.ivyro.net/eg/main.php?id=85000037"
"Japan","Paper lantern","Sundries","North Africa","2616","","https://web.archive.org/web/20140214020456/http://uwodbmirror.ivyro.net/eg/main.php?id=85000037"
"Japan","Paper lantern","Sundries","North America","2616","","https://web.archive.org/web/20140214020456/http://uwodbmirror.ivyro.net/eg/main.php?id=85000037"
"Japan","Paper lantern","Sundries","Northern Europe","9156","","https://web.archive.org/web/20140214020456/http://uwodbmirror.ivyro.net/eg/main.php?id=85000037"
"Japan","Paper lantern","Sundries","Northern France","9156","","https://web.archive.org/web/20140214020456/http://uwodbmirror.ivyro.net/eg/main.php?id=85000037"
"Japan","Paper lantern","Sundries","Oceania","2616","","https://web.archive.org/web/20140214020456/http://uwodbmirror.ivyro.net/eg/main.php?id=85000037"
"Japan","Paper lantern","Sundries","Persia","2616","","https://web.archive.org/web/20140214020456/http://uwodbmirror.ivyro.net/eg/main.php?id=85000037"
"Japan","Paper lantern","Sundries","Southeast Asia","2616","","https://web.archive.org/web/20140214020456/http://uwodbmirror.ivyro.net/eg/main.php?id=85000037"
"Japan","Paper lantern","Sundries","The Balkans","9156","","https://web.archive.org/web/20140214020456/http://uwodbmirror.ivyro.net/eg/main.php?id=85000037"
"Japan","Paper lantern","Sundries","The British Isles","60168","Very high price","https://web.archive.org/web/20140214020456/http://uwodbmirror.ivyro.net/eg/main.php?id=85000037"
"Japan","Paper lantern","Sundries","The Near East","9156","","https://web.archive.org/web/20140214020456/http://uwodbmirror.ivyro.net/eg/main.php?id=85000037"
"Japan","Paper lantern","Sundries","The Netherlands","9156","","https://web.archive.org/web/20140214020456/http://uwodbmirror.ivyro.net/eg/main.php?id=85000037"
"Japan","Paper lantern","Sundries","Turkey","60168","Very high price","https://web.archive.org/web/20140214020456/http://uwodbmirror.ivyro.net/eg/main.php?id=85000037"
"Japan","Paper lantern","Sundries","W Coast of Latin America","2616","","https://web.archive.org/web/20140214020456/http://uwodbmirror.ivyro.net/eg/main.php?id=85000037"
"Japan","Paper lantern","Sundries","West Africa","2616","","https://web.archive.org/web/20140214020456/http://uwodbmirror.ivyro.net/eg/main.php?id=85000037"
"Japan","Ramie","Fibres","Arabia","19296","","https://web.archive.org/web/20140214020456/http://uwodbmirror.ivyro.net/eg/main.php?id=85000037"
"Japan","Ramie","Fibres","Atlantic Ocean","26532","","https://web.archive.org/web/20140214020456/http://uwodbmirror.ivyro.net/eg/main.php?id=85000037"
"Japan","Ramie","Fibres","Caribbean Sea","36984","","https://web.archive.org/web/20140214020456/http://uwodbmirror.ivyro.net/eg/main.php?id=85000037"
"Japan","Ramie","Fibres","E Coast of Latin America","36984","","https://web.archive.org/web/20140214020456/http://uwodbmirror.ivyro.net/eg/main.php?id=85000037"
"Japan","Ramie","Fibres","East Africa","24924","","https://web.archive.org/web/20140214020456/http://uwodbmirror.ivyro.net/eg/main.php?id=85000037"
"Japan","Ramie","Fibres","Germany","36984","","https://web.archive.org/web/20140214020456/http://uwodbmirror.ivyro.net/eg/main.php?id=85000037"
"Japan","Ramie","Fibres","Iberia","36984","","https://web.archive.org/web/20140214020456/http://uwodbmirror.ivyro.net/eg/main.php?id=85000037"
"Japan","Ramie","Fibres","India","24924","High price","https://web.archive.org/web/20140214020456/http://uwodbmirror.ivyro.net/eg/main.php?id=85000037"
"Japan","Ramie","Fibres","Indo-China","9648","","https://web.archive.org/web/20140214020456/http://uwodbmirror.ivyro.net/eg/main.php?id=85000037"
"Japan","Ramie","Fibres","Italy and Southern France","36984","","https://web.archive.org/web/20140214020456/http://uwodbmirror.ivyro.net/eg/main.php?id=85000037"
"Japan","Ramie","Fibres","North Africa","29748","","https://web.archive.org/web/20140214020456/http://uwodbmirror.ivyro.net/eg/main.php?id=85000037"
"Japan","Ramie","Fibres","North America","24924","","https://web.archive.org/web/20140214020456/http://uwodbmirror.ivyro.net/eg/main.php?id=85000037"
"Japan","Ramie","Fibres","Northern Europe","36984","","https://web.archive.org/web/20140214020456/http://uwodbmirror.ivyro.net/eg/main.php?id=85000037"
"Japan","Ramie","Fibres","Northern France","36984","","https://web.archive.org/web/20140214020456/http://uwodbmirror.ivyro.net/eg/main.php?id=85000037"
"Japan","Ramie","Fibres","Oceania","9648","","https://web.archive.org/web/20140214020456/http://uwodbmirror.ivyro.net/eg/main.php?id=85000037"
"Japan","Ramie","Fibres","Persia","19296","","https://web.archive.org/web/20140214020456/http://uwodbmirror.ivyro.net/eg/main.php?id=85000037"
"Japan","Ramie","Fibres","Southeast Asia","9648","","https://web.archive.org/web/20140214020456/http://uwodbmirror.ivyro.net/eg/main.php?id=85000037"
"Japan","Ramie","Fibres","The Balkans","36984","","https://web.archive.org/web/20140214020456/http://uwodbmirror.ivyro.net/eg/main.php?id=85000037"
"Japan","Ramie","Fibres","The British Isles","36984","","https://web.archive.org/web/20140214020456/http://uwodbmirror.ivyro.net/eg/main.php?id=85000037"
"Japan","Ramie","Fibres","The Near East","36984","","https://web.archive.org/web/20140214020456/http://uwodbmirror.ivyro.net/eg/main.php?id=85000037"
"Japan","Ramie","Fibres","The Netherlands","50652","High price","https://web.archive.org/web/20140214020456/http://uwodbmirror.ivyro.net/eg/main.php?id=85000037"
"Japan","Ramie","Fibres","Turkey","36984","","https://web.archive.org/web/20140214020456/http://uwodbmirror.ivyro.net/eg/main.php?id=85000037"
"Japan","Ramie","Fibres","W Coast of Latin America","24924","","https://web.archive.org/web/20140214020456/http://uwodbmirror.ivyro.net/eg/main.php?id=85000037"
"Japan","Ramie","Fibres","West Africa","26532","","https://web.archive.org/web/20140214020456/http://uwodbmirror.ivyro.net/eg/main.php?id=85000037"
"Japan","Sake","Alcohol","Arabia","0","","https://web.archive.org/web/20140214020456/http://uwodbmirror.ivyro.net/eg/main.php?id=85000037"
"Japan","Sake","Alcohol","Atlantic Ocean","27608","","https://web.archive.org/web/20140214020456/http://uwodbmirror.ivyro.net/eg/main.php?id=85000037"
"Japan","Sake","Alcohol","Caribbean Sea","39032","","https://web.archive.org/web/20140214020456/http://uwodbmirror.ivyro.net/eg/main.php?id=85000037"
"Japan","Sake","Alcohol","E Coast of Latin America","34272","","https://web.archive.org/web/20140214020456/http://uwodbmirror.ivyro.net/eg/main.php?id=85000037"
"Japan","Sake","Alcohol","East Africa","34272","High price","https://web.archive.org/web/20140214020456/http://uwodbmirror.ivyro.net/eg/main.php?id=85000037"
"Japan","Sake","Alcohol","Germany","51408","High price","https://web.archive.org/web/20140214020456/http://uwodbmirror.ivyro.net/eg/main.php?id=85000037"
"Japan","Sake","Alcohol","Iberia","39032","","https://web.archive.org/web/20140214020456/http://uwodbmirror.ivyro.net/eg/main.php?id=85000037"
"Japan","Sake","Alcohol","India","0","","https://web.archive.org/web/20140214020456/http://uwodbmirror.ivyro.net/eg/main.php?id=85000037"
"Japan","Sake","Alcohol","Indo-China","7616","","https://web.archive.org/web/20140214020456/http://uwodbmirror.ivyro.net/eg/main.php?id=85000037"
"Japan","Sake","Alcohol","Italy and Southern France","39032","","https://web.archive.org/web/20140214020456/http://uwodbmirror.ivyro.net/eg/main.php?id=85000037"
"Japan","Sake","Alcohol","North Africa","0","","https://web.archive.org/web/20140214020456/http://uwodbmirror.ivyro.net/eg/main.php?id=85000037"
"Japan","Sake","Alcohol","North America","22848","","https://web.archive.org/web/20140214020456/http://uwodbmirror.ivyro.net/eg/main.php?id=85000037"
"Japan","Sake","Alcohol","Northern Europe","39032","","https://web.archive.org/web/20140214020456/http://uwodbmirror.ivyro.net/eg/main.php?id=85000037"
"Japan","Sake","Alcohol","Northern France","51408","High price","https://web.archive.org/web/20140214020456/http://uwodbmirror.ivyro.net/eg/main.php?id=85000037"
"Japan","Sake","Alcohol","Oceania","0","","https://web.archive.org/web/20140214020456/http://uwodbmirror.ivyro.net/eg/main.php?id=85000037"
"Japan","Sake","Alcohol","Persia","0","","https://web.archive.org/web/20140214020456/http://uwodbmirror.ivyro.net/eg/main.php?id=85000037"
"Japan","Sake","Alcohol","Southeast Asia","0","","https://web.archive.org/web/20140214020456/http://uwodbmirror.ivyro.net/eg/main.php?id=85000037"
"Japan","Sake","Alcohol","The Balkans","39032","","https://web.archive.org/web/20140214020456/http://uwodbmirror.ivyro.net/eg/main.php?id=85000037"
"Japan","Sake","Alcohol","The British Isles","39032","","https://web.archive.org/web/20140214020456/http://uwodbmirror.ivyro.net/eg/main.php?id=85000037"
"Japan","Sake","Alcohol","The Near East","0","","https://web.archive.org/web/20140214020456/http://uwodbmirror.ivyro.net/eg/main.php?id=85000037"
"Japan","Sake","Alcohol","The Netherlands","39032","","https://web.archive.org/web/20140214020456/http://uwodbmirror.ivyro.net/eg/main.php?id=85000037"
"Japan","Sake","Alcohol","Turkey","0","","https://web.archive.org/web/20140214020456/http://uwodbmirror.ivyro.net/eg/main.php?id=85000037"
"Japan","Sake","Alcohol","W Coast of Latin America","22848","","https://web.archive.org/web/20140214020456/http://uwodbmirror.ivyro.net/eg/main.php?id=85000037"
"Japan","Sake","Alcohol","West Africa","39984","High price","https://web.archive.org/web/20140214020456/http://uwodbmirror.ivyro.net/eg/main.php?id=85000037"
"Japan","Saori","Crafts","Arabia","2680","","https://web.archive.org/web/20140214020456/http://uwodbmirror.ivyro.net/eg/main.php?id=85000037"
"Japan","Saori","Crafts","Atlantic Ocean","2680","","https://web.archive.org/web/20140214020456/http://uwodbmirror.ivyro.net/eg/main.php?id=85000037"
"Japan","Saori","Crafts","Caribbean Sea","2680","","https://web.archive.org/web/20140214020456/http://uwodbmirror.ivyro.net/eg/main.php?id=85000037"
"Japan","Saori","Crafts","E Coast of Latin America","2680","","https://web.archive.org/web/20140214020456/http://uwodbmirror.ivyro.net/eg/main.php?id=85000037"
"Japan","Saori","Crafts","East Africa","2680","","https://web.archive.org/web/20140214020456/http://uwodbmirror.ivyro.net/eg/main.php?id=85000037"
"Japan","Saori","Crafts","Germany","9380","","https://web.archive.org/web/20140214020456/http://uwodbmirror.ivyro.net/eg/main.php?id=85000037"
"Japan","Saori","Crafts","Iberia","58960","Very high price","https://web.archive.org/web/20140214020456/http://uwodbmirror.ivyro.net/eg/main.php?id=85000037"
"Japan","Saori","Crafts","India","2680","","https://web.archive.org/web/20140214020456/http://uwodbmirror.ivyro.net/eg/main.php?id=85000037"
"Japan","Saori","Crafts","Indo-China","2680","","https://web.archive.org/web/20140214020456/http://uwodbmirror.ivyro.net/eg/main.php?id=85000037"
"Japan","Saori","Crafts","Italy and Southern France","9380","","https://web.archive.org/web/20140214020456/http://uwodbmirror.ivyro.net/eg/main.php?id=85000037"
"Japan","Saori","Crafts","North Africa","2680","","https://web.archive.org/web/20140214020456/http://uwodbmirror.ivyro.net/eg/main.php?id=85000037"
"Japan","Saori","Crafts","North America","2680","","https://web.archive.org/web/20140214020456/http://uwodbmirror.ivyro.net/eg/main.php?id=85000037"
"Japan","Saori","Crafts","Northern Europe","9380","","https://web.archive.org/web/20140214020456/http://uwodbmirror.ivyro.net/eg/main.php?id=85000037"
"Japan","Saori","Crafts","Northern France","9380","","https://web.archive.org/web/20140214020456/http://uwodbmirror.ivyro.net/eg/main.php?id=85000037"
"Japan","Saori","Crafts","Oceania","2680","","https://web.archive.org/web/20140214020456/http://uwodbmirror.ivyro.net/eg/main.php?id=85000037"
"Japan","Saori","Crafts","Persia","2680","","https://web.archive.org/web/20140214020456/http://uwodbmirror.ivyro.net/eg/main.php?id=85000037"
"Japan","Saori","Crafts","Southeast Asia","2680","","https://web.archive.org/web/20140214020456/http://uwodbmirror.ivyro.net/eg/main.php?id=85000037"
"Japan","Saori","Crafts","The Balkans","9380","","https://web.archive.org/web/20140214020456/http://uwodbmirror.ivyro.net/eg/main.php?id=85000037"
"Japan","Saori","Crafts","The British Isles","9380","","https://web.archive.org/web/20140214020456/http://uwodbmirror.ivyro.net/eg/main.php?id=85000037"
"Japan","Saori","Crafts","The Near East","9380","","https://web.archive.org/web/20140214020456/http://uwodbmirror.ivyro.net/eg/main.php?id=85000037"
"Japan","Saori","Crafts","The Netherlands","58960","Very high price","https://web.archive.org/web/20140214020456/http://uwodbmirror.ivyro.net/eg/main.php?id=85000037"
"Japan","Saori","Crafts","Turkey","9380","","https://web.archive.org/web/20140214020456/http://uwodbmirror.ivyro.net/eg/main.php?id=85000037"
"Japan","Saori","Crafts","W Coast of Latin America","2680","","https://web.archive.org/web/20140214020456/http://uwodbmirror.ivyro.net/eg/main.php?id=85000037"
"Japan","Saori","Crafts","West Africa","2680","","https://web.archive.org/web/20140214020456/http://uwodbmirror.ivyro.net/eg/main.php?id=85000037"
"Japan","Soba","Foodstuffs","Arabia","18928","","https://web.archive.org/web/20140214020456/http://uwodbmirror.ivyro.net/eg/main.php?id=85000037"
"Japan","Soba","Foodstuffs","Atlantic Ocean","26208","","https://web.archive.org/web/20140214020456/http://uwodbmirror.ivyro.net/eg/main.php?id=85000037"
"Japan","Soba","Foodstuffs","Caribbean Sea","37128","","https://web.archive.org/web/20140214020456/http://uwodbmirror.ivyro.net/eg/main.php?id=85000037"
"Japan","Soba","Foodstuffs","E Coast of Latin America","33488","","https://web.archive.org/web/20140214020456/http://uwodbmirror.ivyro.net/eg/main.php?id=85000037"
"Japan","Soba","Foodstuffs","East Africa","33488","High price","https://web.archive.org/web/20140214020456/http://uwodbmirror.ivyro.net/eg/main.php?id=85000037"
"Japan","Soba","Foodstuffs","Germany","37128","","https://web.archive.org/web/20140214020456/http://uwodbmirror.ivyro.net/eg/main.php?id=85000037"
"Japan","Soba","Foodstuffs","Iberia","37128","","https://web.archive.org/web/20140214020456/http://uwodbmirror.ivyro.net/eg/main.php?id=85000037"
"Japan","Soba","Foodstuffs","India","16744","","https://web.archive.org/web/20140214020456/http://uwodbmirror.ivyro.net/eg/main.php?id=85000037"
"Japan","Soba","Foodstuffs","Indo-China","8736","","https://web.archive.org/web/20140214020456/http://uwodbmirror.ivyro.net/eg/main.php?id=85000037"
"Japan","Soba","Foodstuffs","Italy and Southern France","51688","High price","https://web.archive.org/web/20140214020456/http://uwodbmirror.ivyro.net/eg/main.php?id=85000037"
"Japan","Soba","Foodstuffs","North Africa","29848","","https://web.archive.org/web/20140214020456/http://uwodbmirror.ivyro.net/eg/main.php?id=85000037"
"Japan","Soba","Foodstuffs","North America","22568","","https://web.archive.org/web/20140214020456/http://uwodbmirror.ivyro.net/eg/main.php?id=85000037"
"Japan","Soba","Foodstuffs","Northern Europe","37128","","https://web.archive.org/web/20140214020456/http://uwodbmirror.ivyro.net/eg/main.php?id=85000037"
"Japan","Soba","Foodstuffs","Northern France","37128","","https://web.archive.org/web/20140214020456/http://uwodbmirror.ivyro.net/eg/main.php?id=85000037"
"Japan","Soba","Foodstuffs","Oceania","8736","","https://web.archive.org/web/20140214020456/http://uwodbmirror.ivyro.net/eg/main.php?id=85000037"
"Japan","Soba","Foodstuffs","Persia","18928","","https://web.archive.org/web/20140214020456/http://uwodbmirror.ivyro.net/eg/main.php?id=85000037"
"Japan","Soba","Foodstuffs","Southeast Asia","15288","High price","https://web.archive.org/web/20140214020456/http://uwodbmirror.ivyro.net/eg/main.php?id=85000037"
"Japan","Soba","Foodstuffs","The Balkans","37128","","https://web.archive.org/web/20140214020456/http://uwodbmirror.ivyro.net/eg/main.php?id=85000037"
"Japan","Soba","Foodstuffs","The British Isles","37128","","https://web.archive.org/web/20140214020456/http://uwodbmirror.ivyro.net/eg/main.php?id=85000037"
"Japan","Soba","Foodstuffs","The Near East","37128","","https://web.archive.org/web/20140214020456/http://uwodbmirror.ivyro.net/eg/main.php?id=85000037"
"Japan","Soba","Foodstuffs","The Netherlands","37128","","https://web.archive.org/web/20140214020456/http://uwodbmirror.ivyro.net/eg/main.php?id=85000037"
"Japan","Soba","Foodstuffs","Turkey","37128","","https://web.archive.org/web/20140214020456/http://uwodbmirror.ivyro.net/eg/main.php?id=85000037"
"Japan","Soba","Foodstuffs","W Coast of Latin America","22568","","https://web.archive.org/web/20140214020456/http://uwodbmirror.ivyro.net/eg/main.php?id=85000037"
"Japan","Soba","Foodstuffs","West Africa","37856","High price","https://web.archive.org/web/20140214020456/http://uwodbmirror.ivyro.net/eg/main.php?id=85000037"
"Japan","Soft Rush","Fibres","Arabia","2552","","https://web.archive.org/web/20140214020456/http://uwodbmirror.ivyro.net/eg/main.php?id=85000037"
"Japan","Soft Rush","Fibres","Atlantic Ocean","2552","","https://web.archive.org/web/20140214020456/http://uwodbmirror.ivyro.net/eg/main.php?id=85000037"
"Japan","Soft Rush","Fibres","Caribbean Sea","58696","Very high price","https://web.archive.org/web/20140214020456/http://uwodbmirror.ivyro.net/eg/main.php?id=85000037"
"Japan","Soft Rush","Fibres","E Coast of Latin America","2552","","https://web.archive.org/web/20140214020456/http://uwodbmirror.ivyro.net/eg/main.php?id=85000037"
"Japan","Soft Rush","Fibres","East Africa","42108","Very high price","https://web.archive.org/web/20140214020456/http://uwodbmirror.ivyro.net/eg/main.php?id=85000037"
"Japan","Soft Rush","Fibres","Germany","2552","","https://web.archive.org/web/20140214020456/http://uwodbmirror.ivyro.net/eg/main.php?id=85000037"
"Japan","Soft Rush","Fibres","Iberia","2552","","https://web.archive.org/web/20140214020456/http://uwodbmirror.ivyro.net/eg/main.php?id=85000037"
"Japan","Soft Rush","Fibres","India","2552","","https://web.archive.org/web/20140214020456/http://uwodbmirror.ivyro.net/eg/main.php?id=85000037"
"Japan","Soft Rush","Fibres","Indo-China","12760","","https://web.archive.org/web/20140214020456/http://uwodbmirror.ivyro.net/eg/main.php?id=85000037"
"Japan","Soft Rush","Fibres","Italy and Southern France","2552","","https://web.archive.org/web/20140214020456/http://uwodbmirror.ivyro.net/eg/main.php?id=85000037"
"Japan","Soft Rush","Fibres","North Africa","2552","","https://web.archive.org/web/20140214020456/http://uwodbmirror.ivyro.net/eg/main.php?id=85000037"
"Japan","Soft Rush","Fibres","North America","2552","","https://web.archive.org/web/20140214020456/http://uwodbmirror.ivyro.net/eg/main.php?id=85000037"
"Japan","Soft Rush","Fibres","Northern Europe","2552","","https://web.archive.org/web/20140214020456/http://uwodbmirror.ivyro.net/eg/main.php?id=85000037"
"Japan","Soft Rush","Fibres","Northern France","2552","","https://web.archive.org/web/20140214020456/http://uwodbmirror.ivyro.net/eg/main.php?id=85000037"
"Japan","Soft Rush","Fibres","Oceania","12760","","https://web.archive.org/web/20140214020456/http://uwodbmirror.ivyro.net/eg/main.php?id=85000037"
"Japan","Soft Rush","Fibres","Persia","2552","","https://web.archive.org/web/20140214020456/http://uwodbmirror.ivyro.net/eg/main.php?id=85000037"
"Japan","Soft Rush","Fibres","Southeast Asia","12760","","https://web.archive.org/web/20140214020456/http://uwodbmirror.ivyro.net/eg/main.php?id=85000037"
"Japan","Soft Rush","Fibres","The Balkans","2552","","https://web.archive.org/web/20140214020456/http://uwodbmirror.ivyro.net/eg/main.php?id=85000037"
"Japan","Soft Rush","Fibres","The British Isles","2552","","https://web.archive.org/web/20140214020456/http://uwodbmirror.ivyro.net/eg/main.php?id=85000037"
"Japan","Soft Rush","Fibres","The Near East","2552","","https://web.archive.org/web/20140214020456/http://uwodbmirror.ivyro.net/eg/main.php?id=85000037"
"Japan","Soft Rush","Fibres","The Netherlands","2552","","https://web.archive.org/web/20140214020456/http://uwodbmirror.ivyro.net/eg/main.php?id=85000037"
"Japan","Soft Rush","Fibres","Turkey","2552","","https://web.archive.org/web/20140214020456/http://uwodbmirror.ivyro.net/eg/main.php?id=85000037"
"Japan","Soft Rush","Fibres","W Coast of Latin America","2552","","https://web.archive.org/web/20140214020456/http://uwodbmirror.ivyro.net/eg/main.php?id=85000037"
"Japan","Soft Rush","Fibres","West Africa","45936","Very high price","https://web.archive.org/web/20140214020456/http://uwodbmirror.ivyro.net/eg/main.php?id=85000037"
"Japan","Soya Sauce","Seasonings","Arabia","20384","","https://web.archive.org/web/20140214020456/http://uwodbmirror.ivyro.net/eg/main.php?id=85000037"
"Japan","Soya Sauce","Seasonings","Atlantic Ocean","28224","","https://web.archive.org/web/20140214020456/http://uwodbmirror.ivyro.net/eg/main.php?id=85000037"
"Japan","Soya Sauce","Seasonings","Caribbean Sea","39984","","https://web.archive.org/web/20140214020456/http://uwodbmirror.ivyro.net/eg/main.php?id=85000037"
"Japan","Soya Sauce","Seasonings","E Coast of Latin America","36064","","https://web.archive.org/web/20140214020456/http://uwodbmirror.ivyro.net/eg/main.php?id=85000037"
"Japan","Soya Sauce","Seasonings","East Africa","24304","","https://web.archive.org/web/20140214020456/http://uwodbmirror.ivyro.net/eg/main.php?id=85000037"
"Japan","Soya Sauce","Seasonings","Germany","39984","","https://web.archive.org/web/20140214020456/http://uwodbmirror.ivyro.net/eg/main.php?id=85000037"
"Japan","Soya Sauce","Seasonings","Iberia","39984","","https://web.archive.org/web/20140214020456/http://uwodbmirror.ivyro.net/eg/main.php?id=85000037"
"Japan","Soya Sauce","Seasonings","India","18032","","https://web.archive.org/web/20140214020456/http://uwodbmirror.ivyro.net/eg/main.php?id=85000037"
"Japan","Soya Sauce","Seasonings","Indo-China","14896","High price","https://web.archive.org/web/20140214020456/http://uwodbmirror.ivyro.net/eg/main.php?id=85000037"
"Japan","Soya Sauce","Seasonings","Italy and Southern France","51744","High price","https://web.archive.org/web/20140214020456/http://uwodbmirror.ivyro.net/eg/main.php?id=85000037"
"Japan","Soya Sauce","Seasonings","North Africa","28224","","https://web.archive.org/web/20140214020456/http://uwodbmirror.ivyro.net/eg/main.php?id=85000037"
"Japan","Soya Sauce","Seasonings","North America","24304","","https://web.archive.org/web/20140214020456/http://uwodbmirror.ivyro.net/eg/main.php?id=85000037"
"Japan","Soya Sauce","Seasonings","Northern Europe","39984","","https://web.archive.org/web/20140214020456/http://uwodbmirror.ivyro.net/eg/main.php?id=85000037"
"Japan","Soya Sauce","Seasonings","Northern France","39984","","https://web.archive.org/web/20140214020456/http://uwodbmirror.ivyro.net/eg/main.php?id=85000037"
"Japan","Soya Sauce","Seasonings","Oceania","9408","","https://web.archive.org/web/20140214020456/http://uwodbmirror.ivyro.net/eg/main.php?id=85000037"
"Japan","Soya Sauce","Seasonings","Persia","20384","","https://web.archive.org/web/20140214020456/http://uwodbmirror.ivyro.net/eg/main.php?id=85000037"
"Japan","Soya Sauce","Seasonings","Southeast Asia","14896","High price","https://web.archive.org/web/20140214020456/http://uwodbmirror.ivyro.net/eg/main.php?id=85000037"
"Japan","Soya Sauce","Seasonings","The Balkans","39984","","https://web.archive.org/web/20140214020456/http://uwodbmirror.ivyro.net/eg/main.php?id=85000037"
"Japan","Soya Sauce","Seasonings","The British Isles","39984","","https://web.archive.org/web/20140214020456/http://uwodbmirror.ivyro.net/eg/main.php?id=85000037"
"Japan","Soya Sauce","Seasonings","The Near East","39984","","https://web.archive.org/web/20140214020456/http://uwodbmirror.ivyro.net/eg/main.php?id=85000037"
"Japan","Soya Sauce","Seasonings","The Netherlands","39984","","https://web.archive.org/web/20140214020456/http://uwodbmirror.ivyro.net/eg/main.php?id=85000037"
"Japan","Soya Sauce","Seasonings","Turkey","39984","","https://web.archive.org/web/20140214020456/http://uwodbmirror.ivyro.net/eg/main.php?id=85000037"
"Japan","Soya Sauce","Seasonings","W Coast of Latin America","24304","","https://web.archive.org/web/20140214020456/http://uwodbmirror.ivyro.net/eg/main.php?id=85000037"
"Japan","Soya Sauce","Seasonings","West Africa","26656","","https://web.archive.org/web/20140214020456/http://uwodbmirror.ivyro.net/eg/main.php?id=85000037"
"Japan","Tanegashima Rifle","Firearms","Arabia","28644","High price","https://web.archive.org/web/20140214020456/http://uwodbmirror.ivyro.net/eg/main.php?id=85000037"
"Japan","Tanegashima Rifle","Firearms","Atlantic Ocean","24024","","https://web.archive.org/web/20140214020456/http://uwodbmirror.ivyro.net/eg/main.php?id=85000037"
"Japan","Tanegashima Rifle","Firearms","Caribbean Sea","37884","","https://web.archive.org/web/20140214020456/http://uwodbmirror.ivyro.net/eg/main.php?id=85000037"
"Japan","Tanegashima Rifle","Firearms","E Coast of Latin America","36036","","https://web.archive.org/web/20140214020456/http://uwodbmirror.ivyro.net/eg/main.php?id=85000037"
"Japan","Tanegashima Rifle","Firearms","East Africa","24024","","https://web.archive.org/web/20140214020456/http://uwodbmirror.ivyro.net/eg/main.php?id=85000037"
"Japan","Tanegashima Rifle","Firearms","Germany","36036","","https://web.archive.org/web/20140214020456/http://uwodbmirror.ivyro.net/eg/main.php?id=85000037"
"Japan","Tanegashima Rifle","Firearms","Iberia","51744","High price","https://web.archive.org/web/20140214020456/http://uwodbmirror.ivyro.net/eg/main.php?id=85000037"
"Japan","Tanegashima Rifle","Firearms","India","18480","","https://web.archive.org/web/20140214020456/http://uwodbmirror.ivyro.net/eg/main.php?id=85000037"
"Japan","Tanegashima Rifle","Firearms","Indo-China","9240","","https://web.archive.org/web/20140214020456/http://uwodbmirror.ivyro.net/eg/main.php?id=85000037"
"Japan","Tanegashima Rifle","Firearms","Italy and Southern France","36036","","https://web.archive.org/web/20140214020456/http://uwodbmirror.ivyro.net/eg/main.php?id=85000037"
"Japan","Tanegashima Rifle","Firearms","North Africa","28644","","https://web.archive.org/web/20140214020456/http://uwodbmirror.ivyro.net/eg/main.php?id=85000037"
"Japan","Tanegashima Rifle","Firearms","North America","24024","","https://web.archive.org/web/20140214020456/http://uwodbmirror.ivyro.net/eg/main.php?id=85000037"
"Japan","Tanegashima Rifle","Firearms","Northern Europe","36036","","https://web.archive.org/web/20140214020456/http://uwodbmirror.ivyro.net/eg/main.php?id=85000037"
"Japan","Tanegashima Rifle","Firearms","Northern France","36036","","https://web.archive.org/web/20140214020456/http://uwodbmirror.ivyro.net/eg/main.php?id=85000037"
"Japan","Tanegashima Rifle","Firearms","Oceania","9240","","https://web.archive.org/web/20140214020456/http://uwodbmirror.ivyro.net/eg/main.php?id=85000037"
"Japan","Tanegashima Rifle","Firearms","Persia","20328","","https://web.archive.org/web/20140214020456/http://uwodbmirror.ivyro.net/eg/main.php?id=85000037"
"Japan","Tanegashima Rifle","Firearms","Southeast Asia","9240","","https://web.archive.org/web/20140214020456/http://uwodbmirror.ivyro.net/eg/main.php?id=85000037"
"Japan","Tanegashima Rifle","Firearms","The Balkans","47124","High price","https://web.archive.org/web/20140214020456/http://uwodbmirror.ivyro.net/eg/main.php?id=85000037"
"Japan","Tanegashima Rifle","Firearms","The British Isles","36036","","https://web.archive.org/web/20140214020456/http://uwodbmirror.ivyro.net/eg/main.php?id=85000037"
"Japan","Tanegashima Rifle","Firearms","The Near East","47124","High price","https://web.archive.org/web/20140214020456/http://uwodbmirror.ivyro.net/eg/main.php?id=85000037"
"Japan","Tanegashima Rifle","Firearms","The Netherlands","36036","","https://web.archive.org/web/20140214020456/http://uwodbmirror.ivyro.net/eg/main.php?id=85000037"
"Japan","Tanegashima Rifle","Firearms","Turkey","51744","High price","https://web.archive.org/web/20140214020456/http://uwodbmirror.ivyro.net/eg/main.php?id=85000037"
"Japan","Tanegashima Rifle","Firearms","W Coast of Latin America","24024","","https://web.archive.org/web/20140214020456/http://uwodbmirror.ivyro.net/eg/main.php?id=85000037"
"Japan","Tanegashima Rifle","Firearms","West Africa","34188","","https://web.archive.org/web/20140214020456/http://uwodbmirror.ivyro.net/eg/main.php?id=85000037"
"Japan","White Porcelain Ore","Ores","Arabia","21840","","https://web.archive.org/web/20140214020456/http://uwodbmirror.ivyro.net/eg/main.php?id=85000037"
"Japan","White Porcelain Ore","Ores","Atlantic Ocean","26040","","https://web.archive.org/web/20140214020456/http://uwodbmirror.ivyro.net/eg/main.php?id=85000037"
"Japan","White Porcelain Ore","Ores","Caribbean Sea","38640","","https://web.archive.org/web/20140214020456/http://uwodbmirror.ivyro.net/eg/main.php?id=85000037"
"Japan","White Porcelain Ore","Ores","E Coast of Latin America","38640","High price","https://web.archive.org/web/20140214020456/http://uwodbmirror.ivyro.net/eg/main.php?id=85000037"
"Japan","White Porcelain Ore","Ores","East Africa","24360","","https://web.archive.org/web/20140214020456/http://uwodbmirror.ivyro.net/eg/main.php?id=85000037"
"Japan","White Porcelain Ore","Ores","Germany","39480","","https://web.archive.org/web/20140214020456/http://uwodbmirror.ivyro.net/eg/main.php?id=85000037"
"Japan","White Porcelain Ore","Ores","Iberia","39480","","https://web.archive.org/web/20140214020456/http://uwodbmirror.ivyro.net/eg/main.php?id=85000037"
"Japan","White Porcelain Ore","Ores","India","19320","","https://web.archive.org/web/20140214020456/http://uwodbmirror.ivyro.net/eg/main.php?id=85000037"
"Japan","White Porcelain Ore","Ores","Indo-China","9240","","https://web.archive.org/web/20140214020456/http://uwodbmirror.ivyro.net/eg/main.php?id=85000037"
"Japan","White Porcelain Ore","Ores","Italy and Southern France","39480","","https://web.archive.org/web/20140214020456/http://uwodbmirror.ivyro.net/eg/main.php?id=85000037"
"Japan","White Porcelain Ore","Ores","North Africa","29400","","https://web.archive.org/web/20140214020456/http://uwodbmirror.ivyro.net/eg/main.php?id=85000037"
"Japan","White Porcelain Ore","Ores","North America","38640","High price","https://web.archive.org/web/20140214020456/http://uwodbmirror.ivyro.net/eg/main.php?id=85000037"
"Japan","White Porcelain Ore","Ores","Northern Europe","51240","High price","https://web.archive.org/web/20140214020456/http://uwodbmirror.ivyro.net/eg/main.php?id=85000037"
"Japan","White Porcelain Ore","Ores","Northern France","39480","","https://web.archive.org/web/20140214020456/http://uwodbmirror.ivyro.net/eg/main.php?id=85000037"
"Japan","White Porcelain Ore","Ores","Oceania","9240","","https://web.archive.org/web/20140214020456/http://uwodbmirror.ivyro.net/eg/main.php?id=85000037"
"Japan","White Porcelain Ore","Ores","Persia","20160","","https://web.archive.org/web/20140214020456/http://uwodbmirror.ivyro.net/eg/main.php?id=85000037"
"Japan","White Porcelain Ore","Ores","Southeast Asia","9240","","https://web.archive.org/web/20140214020456/http://uwodbmirror.ivyro.net/eg/main.php?id=85000037"
"Japan","White Porcelain Ore","Ores","The Balkans","39480","","https://web.archive.org/web/20140214020456/http://uwodbmirror.ivyro.net/eg/main.php?id=85000037"
"Japan","White Porcelain Ore","Ores","The British Isles","39480","","https://web.archive.org/web/20140214020456/http://uwodbmirror.ivyro.net/eg/main.php?id=85000037"
"Japan","White Porcelain Ore","Ores","The Near East","39480","","https://web.archive.org/web/20140214020456/http://uwodbmirror.ivyro.net/eg/main.php?id=85000037"
"Japan","White Porcelain Ore","Ores","The Netherlands","39480","","https://web.archive.org/web/20140214020456/http://uwodbmirror.ivyro.net/eg/main.php?id=85000037"
"Japan","White Porcelain Ore","Ores","Turkey","39480","","https://web.archive.org/web/20140214020456/http://uwodbmirror.ivyro.net/eg/main.php?id=85000037"
"Japan","White Porcelain Ore","Ores","W Coast of Latin America","38640","High price","https://web.archive.org/web/20140214020456/http://uwodbmirror.ivyro.net/eg/main.php?id=85000037"
"Japan","White Porcelain Ore","Ores","West Africa","26040","","https://web.archive.org/web/20140214020456/http://uwodbmirror.ivyro.net/eg/main.php?id=85000037"
"Japan","Wild Boar","Livestock","Arabia","0","","https://web.archive.org/web/20140214020456/http://uwodbmirror.ivyro.net/eg/main.php?id=85000037"
"Japan","Wild Boar","Livestock","Atlantic Ocean","25920","","https://web.archive.org/web/20140214020456/http://uwodbmirror.ivyro.net/eg/main.php?id=85000037"
"Japan","Wild Boar","Livestock","Caribbean Sea","36720","","https://web.archive.org/web/20140214020456/http://uwodbmirror.ivyro.net/eg/main.php?id=85000037"
"Japan","Wild Boar","Livestock","E Coast of Latin America","33120","","https://web.archive.org/web/20140214020456/http://uwodbmirror.ivyro.net/eg/main.php?id=85000037"
"Japan","Wild Boar","Livestock","East Africa","33120","High price","https://web.archive.org/web/20140214020456/http://uwodbmirror.ivyro.net/eg/main.php?id=85000037"
"Japan","Wild Boar","Livestock","Germany","51120","High price","https://web.archive.org/web/20140214020456/http://uwodbmirror.ivyro.net/eg/main.php?id=85000037"
"Japan","Wild Boar","Livestock","Iberia","36720","","https://web.archive.org/web/20140214020456/http://uwodbmirror.ivyro.net/eg/main.php?id=85000037"
"Japan","Wild Boar","Livestock","India","0","","https://web.archive.org/web/20140214020456/http://uwodbmirror.ivyro.net/eg/main.php?id=85000037"
"Japan","Wild Boar","Livestock","Indo-China","8640","","https://web.archive.org/web/20140214020456/http://uwodbmirror.ivyro.net/eg/main.php?id=85000037"
"Japan","Wild Boar","Livestock","Italy and Southern France","36720","","https://web.archive.org/web/20140214020456/http://uwodbmirror.ivyro.net/eg/main.php?id=85000037"
"Japan","Wild Boar","Livestock","North Africa","0","","https://web.archive.org/web/20140214020456/http://uwodbmirror.ivyro.net/eg/main.php?id=85000037"
"Japan","Wild Boar","Livestock","North America","22320","","https://web.archive.org/web/20140214020456/http://uwodbmirror.ivyro.net/eg/main.php?id=85000037"
"Japan","Wild Boar","Livestock","Northern Europe","51120","High price","https://web.archive.org/web/20140214020456/http://uwodbmirror.ivyro.net/eg/main.php?id=85000037"
"Japan","Wild Boar","Livestock","Northern France","36720","","https://web.archive.org/web/20140214020456/http://uwodbmirror.ivyro.net/eg/main.php?id=85000037"
"Japan","Wild Boar","Livestock","Oceania","15120","High price","https://web.archive.org/web/20140214020456/http://uwodbmirror.ivyro.net/eg/main.php?id=85000037"
"Japan","Wild Boar","Livestock","Persia","0","","https://web.archive.org/web/20140214020456/http://uwodbmirror.ivyro.net/eg/main.php?id=85000037"
"Japan","Wild Boar","Livestock","Southeast Asia","0","","https://web.archive.org/web/20140214020456/http://uwodbmirror.ivyro.net/eg/main.php?id=85000037"
"Japan","Wild Boar","Livestock","The Balkans","36720","","https://web.archive.org/web/20140214020456/http://uwodbmirror.ivyro.net/eg/main.php?id=85000037"
"Japan","Wild Boar","Livestock","The British Isles","36720","","https://web.archive.org/web/20140214020456/http://uwodbmirror.ivyro.net/eg/main.php?id=85000037"
"Japan","Wild Boar","Livestock","The Near East","0","","https://web.archive.org/web/20140214020456/http://uwodbmirror.ivyro.net/eg/main.php?id=85000037"
"Japan","Wild Boar","Livestock","The Netherlands","36720","","https://web.archive.org/web/20140214020456/http://uwodbmirror.ivyro.net/eg/main.php?id=85000037"
"Japan","Wild Boar","Livestock","Turkey","0","","https://web.archive.org/web/20140214020456/http://uwodbmirror.ivyro.net/eg/main.php?id=85000037"
"Japan","Wild Boar","Livestock","W Coast of Latin America","22320","","https://web.archive.org/web/20140214020456/http://uwodbmirror.ivyro.net/eg/main.php?id=85000037"
"Japan","Wild Boar","Livestock","West Africa","37440","High price","https://web.archive.org/web/20140214020456/http://uwodbmirror.ivyro.net/eg/main.php?id=85000037"
"Japan","Yuzu","Spices","Arabia","20800","","https://web.archive.org/web/20140214020456/http://uwodbmirror.ivyro.net/eg/main.php?id=85000037"
"Japan","Yuzu","Spices","Atlantic Ocean","24800","","https://web.archive.org/web/20140214020456/http://uwodbmirror.ivyro.net/eg/main.php?id=85000037"
"Japan","Yuzu","Spices","Caribbean Sea","40800","","https://web.archive.org/web/20140214020456/http://uwodbmirror.ivyro.net/eg/main.php?id=85000037"
"Japan","Yuzu","Spices","E Coast of Latin America","36800","","https://web.archive.org/web/20140214020456/http://uwodbmirror.ivyro.net/eg/main.php?id=85000037"
"Japan","Yuzu","Spices","East Africa","24800","","https://web.archive.org/web/20140214020456/http://uwodbmirror.ivyro.net/eg/main.php?id=85000037"
"Japan","Yuzu","Spices","Germany","39200","","https://web.archive.org/web/20140214020456/http://uwodbmirror.ivyro.net/eg/main.php?id=85000037"
"Japan","Yuzu","Spices","Iberia","48800","High price","https://web.archive.org/web/20140214020456/http://uwodbmirror.ivyro.net/eg/main.php?id=85000037"
"Japan","Yuzu","Spices","India","18400","","https://web.archive.org/web/20140214020456/http://uwodbmirror.ivyro.net/eg/main.php?id=85000037"
"Japan","Yuzu","Spices","Indo-China","9600","","https://web.archive.org/web/20140214020456/http://uwodbmirror.ivyro.net/eg/main.php?id=85000037"
"Japan","Yuzu","Spices","Italy and Southern France","39200","","https://web.archive.org/web/20140214020456/http://uwodbmirror.ivyro.net/eg/main.php?id=85000037"
"Japan","Yuzu","Spices","North Africa","28800","","https://web.archive.org/web/20140214020456/http://uwodbmirror.ivyro.net/eg/main.php?id=85000037"
"Japan","Yuzu","Spices","North America","24800","","https://web.archive.org/web/20140214020456/http://uwodbmirror.ivyro.net/eg/main.php?id=85000037"
"Japan","Yuzu","Spices","Northern Europe","39200","","https://web.archive.org/web/20140214020456/http://uwodbmirror.ivyro.net/eg/main.php?id=85000037"
"Japan","Yuzu","Spices","Northern France","39200","","https://web.archive.org/web/20140214020456/http://uwodbmirror.ivyro.net/eg/main.php?id=85000037"
"Japan","Yuzu","Spices","Oceania","9600","","https://web.archive.org/web/20140214020456/http://uwodbmirror.ivyro.net/eg/main.php?id=85000037"
"Japan","Yuzu","Spices","Persia","20800","","https://web.archive.org/web/20140214020456/http://uwodbmirror.ivyro.net/eg/main.php?id=85000037"
"Japan","Yuzu","Spices","Southeast Asia","9600","","https://web.archive.org/web/20140214020456/http://uwodbmirror.ivyro.net/eg/main.php?id=85000037"
"Japan","Yuzu","Spices","The Balkans","39200","","https://web.archive.org/web/20140214020456/http://uwodbmirror.ivyro.net/eg/main.php?id=85000037"
"Japan","Yuzu","Spices","The British Isles","39200","","https://web.archive.org/web/20140214020456/http://uwodbmirror.ivyro.net/eg/main.php?id=85000037"
"Japan","Yuzu","Spices","The Near East","39200","","https://web.archive.org/web/20140214020456/http://uwodbmirror.ivyro.net/eg/main.php?id=85000037"
"Japan","Yuzu","Spices","The Netherlands","39200","","https://web.archive.org/web/20140214020456/http://uwodbmirror.ivyro.net/eg/main.php?id=85000037"
"Japan","Yuzu","Spices","Turkey","48800","High price","https://web.archive.org/web/20140214020456/http://uwodbmirror.ivyro.net/eg/main.php?id=85000037"
"Japan","Yuzu","Spices","W Coast of Latin America","24800","","https://web.archive.org/web/20140214020456/http://uwodbmirror.ivyro.net/eg/main.php?id=85000037"
"Japan","Yuzu","Spices","West Africa","26400","","https://web.archive.org/web/20140214020456/http://uwodbmirror.ivyro.net/eg/main.php?id=85000037"
