Category,NPC/Facility,Location(s),Recipe / Method,Product,Required Skill(s),Materials,Item Type,Scope,Notes,Data Status,Source URL
Casting,Shipwright,Plymouth; Edinburgh; Antwerp; Ceuta; Ragusa; Trieste; Odessa; Kaffa,Process iron,Metal Work,Casting 6,Iron x30,Shipbuilding material,Basic NPC Production,NPC exclusive,Confirmed in Basic/Casting page,https://unchartedwaters.fandom.com/wiki/NPC_Productions/Basic/Casting
Casting,Shipwright,Trebizond,Make disassembly kit,Set of Dismantling Tools,Casting 8,Lumber x20; Carpentry Tools x10; Drill of Destruction x20,Tool,Basic NPC Production,NPC exclusive,Confirmed in Basic/Casting page,https://unchartedwaters.fandom.com/wiki/NPC_Productions/Basic/Casting
Casting,Weaponsmith,Amsterdam,Make Modified Light Gun Port,Modified Light Gun Port,Casting 5,Iron x20; Lumber x20,Ship part,Basic NPC Production,NPC exclusive,Confirmed in Basic/Casting page,https://unchartedwaters.fandom.com/wiki/NPC_Productions/Basic/Casting
Casting,Weaponsmith,Antwerp; Bordeaux; Hamburg; Amsterdam,Make Modified Standard Gun Port,Modified Standard Gun Port,Casting 9,Lumber x30; Metal Work x1,Ship part,Basic NPC Production,NPC exclusive,Confirmed in Basic/Casting page,https://unchartedwaters.fandom.com/wiki/NPC_Productions/Basic/Casting
Casting,Weaponsmith,Trujillo (C16 P2?),Make Modified Heavy Gun Port,Modified Heavy Gun Port,Casting 13,Iron x40; Processed Lumber x1; Metal Work x1,Ship part,Basic NPC Production,World-clock note in source,Confirmed in Basic/Casting page,https://unchartedwaters.fandom.com/wiki/NPC_Productions/Basic/Casting
Casting,Craftsman,Syracuse,Make Fireworks-general(W),Fireworks-general(W) x1~2,Casting 6,Gunpowder x5,Consumable / fireworks,Basic NPC Production,NPC exclusive,Confirmed in Basic/Casting page,https://unchartedwaters.fandom.com/wiki/NPC_Productions/Basic/Casting
Casting,Skilled Caster,Trujillo; Cayenne; Willemstad; Grand Cayman; Pernambuco; Caracas (to confirm),Iron plate hardening,Hardened Iron Plating,Casting 13,Steel x8; Iron Plating x1,Ship armour plate,Basic NPC Production,Requires investment/metropolis per page,Confirmed in Basic/Casting page,https://unchartedwaters.fandom.com/wiki/NPC_Productions/Basic/Casting
Casting,Skilled Caster,Trujillo; Cayenne; Willemstad; Grand Cayman; Pernambuco; Caracas (to confirm),Superior cannon (14),Cannon-gun (14),Casting 13,Cannon x29; Cannon Shot x32; Steel x29,Cannon,Basic NPC Production,Superior version uses fewer materials,Confirmed in Basic/Casting page,https://unchartedwaters.fandom.com/wiki/NPC_Productions/Basic/Casting
Casting,Skilled Caster,Trujillo; Cayenne; Willemstad; Grand Cayman; Pernambuco; Caracas (to confirm),Superior carronade (14),Carronade (14),Casting 14,Cannon x34; Cannon Shot x36; Steel x34,Cannon,Basic NPC Production,Superior version uses fewer materials,Confirmed in Basic/Casting page,https://unchartedwaters.fandom.com/wiki/NPC_Productions/Basic/Casting
Casting,Skilled Caster,Trujillo; Cayenne; Willemstad; Grand Cayman; Pernambuco; Caracas (to confirm),Superior iron plate hardening,Hardened Iron Plating,Casting 13; Wares Trading 5,Steel x8; Iron Plating x1,Ship armour plate,Basic NPC Production,Advanced skilled caster recipe,Confirmed in Basic/Casting page,https://unchartedwaters.fandom.com/wiki/NPC_Productions/Basic/Casting
Casting,Skilled Caster,Trujillo; Cayenne; Willemstad; Grand Cayman; Pernambuco; Caracas (to confirm),Custom cannon (14),Cannon-gun (14),Casting 13; Firearms Trading 5,Cannon x29; Cannon Shot x32; Steel x29,Cannon,Basic NPC Production,Great success may create higher-quality cannon,Confirmed in Basic/Casting page,https://unchartedwaters.fandom.com/wiki/NPC_Productions/Basic/Casting
Casting,Skilled Caster,Trujillo; Cayenne; Willemstad; Grand Cayman; Pernambuco; Caracas (to confirm),Custom carronade (14),Carronade (14),Casting 14; Firearms Trading 5,Cannon x34; Cannon Shot x36; Steel x34,Cannon,Basic NPC Production,Great success may create higher-quality carronade,Confirmed in Basic/Casting page,https://unchartedwaters.fandom.com/wiki/NPC_Productions/Basic/Casting
Casting,Craftsman,Istanbul,Make arrows,Darts x4~5,Casting 1,Logs x1,Land battle tool,Basic NPC Production / Book replacement,Book replacement NPC recipe,Confirmed in Basic/Casting page,https://unchartedwaters.fandom.com/wiki/NPC_Productions/Basic/Casting
Casting,Craftsman,Istanbul,Make hot oil,Adhesive Oil,Casting 2,Black-mud x1; Vegetable Oil x1,Land battle tool,Basic NPC Production / Book replacement,Book replacement NPC recipe,Confirmed in Basic/Casting page,https://unchartedwaters.fandom.com/wiki/NPC_Productions/Basic/Casting
Casting,Craftsman,Istanbul,Make dynamite,Incendiary Powder,Casting 2,Jute x1; Gunpowder x1,Land battle tool,Basic NPC Production / Book replacement,Book replacement NPC recipe,Confirmed in Basic/Casting page,https://unchartedwaters.fandom.com/wiki/NPC_Productions/Basic/Casting
Casting,Craftsman,Istanbul,Select throwing knives,Throwing Knife,Casting 3,Short Swords x1,Land battle tool,Basic NPC Production / Book replacement,Book replacement NPC recipe,Confirmed in Basic/Casting page,https://unchartedwaters.fandom.com/wiki/NPC_Productions/Basic/Casting
Casting,Craftsman,Istanbul,Mix combustible potion,Explosives -1 x4~5,Casting 4,Jute x2; Gunpowder x1,Land battle tool,Basic NPC Production / Book replacement,Book replacement NPC recipe,Confirmed in Basic/Casting page,https://unchartedwaters.fandom.com/wiki/NPC_Productions/Basic/Casting
Casting,Craftsman,Istanbul,Make smoking balls,Smoke Bomb x4~5,Casting 5,Saltpetre x1; Gunpowder x1,Land battle tool,Basic NPC Production / Book replacement,Book replacement NPC recipe,Confirmed in Basic/Casting page,https://unchartedwaters.fandom.com/wiki/NPC_Productions/Basic/Casting
Casting,Craftsman,Istanbul,Make javelins,Javelin x1~2,Casting 7,Logs x1; Throwing Knife x1,Land battle tool,Basic NPC Production / Book replacement,Book replacement NPC recipe,Confirmed in Basic/Casting page,https://unchartedwaters.fandom.com/wiki/NPC_Productions/Basic/Casting
Casting,Craftsman,Istanbul,Mix explosive potion,Explosives -2 x1~2,Casting 8,Jute x2; Gunpowder x2,Land battle tool,Basic NPC Production / Book replacement,Book replacement NPC recipe,Confirmed in Basic/Casting page,https://unchartedwaters.fandom.com/wiki/NPC_Productions/Basic/Casting
Casting,Craftsman,Naples,Make carpentry tools,Carpentry Tools x1~3,Casting 1,Lumber x1,Repair tool,Basic NPC Production / Book replacement,Book replacement NPC recipe,Confirmed in Basic/Casting page,https://unchartedwaters.fandom.com/wiki/NPC_Productions/Basic/Casting
Casting,Craftsman,Naples,Make spare rudders,Spare Rudder Wheel x1~2,Casting 2,Lumber x2,Repair tool,Basic NPC Production / Book replacement,Book replacement NPC recipe,Confirmed in Basic/Casting page,https://unchartedwaters.fandom.com/wiki/NPC_Productions/Basic/Casting
Casting,Craftsman,Naples,Casting a retreat bell,Bell of Withdrawal x1~2,Casting 3,Bronze x2,Battle consumable,Basic NPC Production / Book replacement,Book replacement NPC recipe,Confirmed in Basic/Casting page,https://unchartedwaters.fandom.com/wiki/NPC_Productions/Basic/Casting
Casting,Craftsman,Naples,Make incendiary pots,Firebomb x1~2,Casting 5,Black-mud x1; Gunpowder x2; Oil x1,Battle consumable,Basic NPC Production / Book replacement,Book replacement NPC recipe,Confirmed in Basic/Casting page,https://unchartedwaters.fandom.com/wiki/NPC_Productions/Basic/Casting
Casting,Craftsman,Naples,Make loaded bombs,Loaded Explosive x1~2,Casting 5,Gunpowder x2; Sulphur x1; Oil x1,Battle consumable,Basic NPC Production / Book replacement,Book replacement NPC recipe,Confirmed in Basic/Casting page,https://unchartedwaters.fandom.com/wiki/NPC_Productions/Basic/Casting
Casting,Craftsman,Naples,Make Steel cannonballs,Steel Cannonballs x1~2,Casting 6,Gunpowder x2; Cannon Shot x1; Steel x1,Ammunition,Basic NPC Production / Book replacement,Book replacement NPC recipe,Confirmed in Basic/Casting page,https://unchartedwaters.fandom.com/wiki/NPC_Productions/Basic/Casting
Casting,Craftsman,Naples,Make Master's Carpentry Tools,Master Craftsman's Carpentry Tools x1~2,Casting 12,White Ore x2; Iron x1; Lumber x1,Crafting tool,Basic NPC Production / Book replacement,Book replacement NPC recipe,Confirmed in Basic/Casting page,https://unchartedwaters.fandom.com/wiki/NPC_Productions/Basic/Casting
Casting,Craftsman,Naples,Method for master craftsman carpentry tools,Legendary Craftsman's Carpentry Tools x1~2,Casting 15,Steel x10; Lumber x10; Master Craftsman's Carpentry Tools x5,Crafting tool,Basic NPC Production / Book replacement,Book replacement NPC recipe,Confirmed in Basic/Casting page,https://unchartedwaters.fandom.com/wiki/NPC_Productions/Basic/Casting
Casting,Young Knight,Hamburg (16th century p2/p3/p4?),Smithing Long Undulating Swords,Zweihander,Casting 14,Steel x30; Improved Steel Sheet x10; Suede x20,Weapon,Basic NPC Production / Book replacement,Book replacement NPC recipe,Confirmed in Basic/Casting page,https://unchartedwaters.fandom.com/wiki/NPC_Productions/Basic/Casting
Handicrafts,Barmaid,Venice,Making Layering tools,Equipment Layering Tools x1~3,Handicrafts 7,Sewing Set x10; Dyestuff x10,Tool,Basic NPC Production,NPC exclusive,Confirmed in Basic/Handicrafts page,https://unchartedwaters.fandom.com/wiki/NPC_Productions/Basic/Handicrafts
Handicrafts,Shipwright,The Azores,Process lime,Caustic Lime,Handicrafts 5,Boulders x5,Material,Basic NPC Production,NPC exclusive,Confirmed in Basic/Handicrafts page,https://unchartedwaters.fandom.com/wiki/NPC_Productions/Basic/Handicrafts
Handicrafts,Shipwright,Buenos Aires; Caracas; Cayenne; Diu; Grand Cayman; Mozambique; Pernambuco; Pondicherry; Trujillo; Willemstad,Making processed lumber,Processed Lumber,Handicrafts 6,Lumber x30,Shipbuilding material,Basic NPC Production,NPC exclusive,Confirmed in Basic/Handicrafts page,https://unchartedwaters.fandom.com/wiki/NPC_Productions/Basic/Handicrafts
Handicrafts,Shipwright,Sofala,Make repair tool kit,Set of Repair Tools,Handicrafts 8,Carpentry Tools x10; Spare Sail x10; Spare Rudder Wheel x10,Repair tool,Basic NPC Production,NPC exclusive,Confirmed in Basic/Handicrafts page,https://unchartedwaters.fandom.com/wiki/NPC_Productions/Basic/Handicrafts
Handicrafts,Shipwright,Pohang; Sakai; Tamsui; Macau,Make Assault Cabin,Assault Cabin,Handicrafts 12,East Asia Shipbuilding Techniques x2; Special Ship Hold x1; Processed Lumber x1,Ship part,Basic NPC Production,NPC exclusive,Confirmed in Basic/Handicrafts page,https://unchartedwaters.fandom.com/wiki/NPC_Productions/Basic/Handicrafts
Handicrafts,Shipwright,Aden,Build Admiral's cabin,Admiral's Cabin,Handicrafts 14,Fine Furniture x10; Wax x10; Processed Lumber x1,Ship part,Basic NPC Production,NPC exclusive,Confirmed in Basic/Handicrafts page,https://unchartedwaters.fandom.com/wiki/NPC_Productions/Basic/Handicrafts
Handicrafts,Shopkeeper,Merida,Making Concheros sandals,Concheros Sandals,Handicrafts 12,Berries x20; Exotic Fruit x20; Bark x20,Foot equipment,Basic NPC Production,NPC exclusive,Confirmed in Basic/Handicrafts page,https://unchartedwaters.fandom.com/wiki/NPC_Productions/Basic/Handicrafts
Handicrafts,Shopkeeper,Genoa,Make mast top,Mast Top,Handicrafts 8,Telescope x1; Processed Lumber x1; Improved Rope x1,Ship part,Basic NPC Production,NPC exclusive,Confirmed in Basic/Handicrafts page,https://unchartedwaters.fandom.com/wiki/NPC_Productions/Basic/Handicrafts
Handicrafts,Sculptor,Caracas,Sculpt St. of voyages,Saint Mark,Handicrafts 17; Theology 3,Gold x10; Turquoise x15; Lumber x35,Figurehead / ship ornament,Basic NPC Production,NPC exclusive,Confirmed in Basic/Handicrafts page,https://unchartedwaters.fandom.com/wiki/NPC_Productions/Basic/Handicrafts
Handicrafts,Carpenter,Amsterdam,Make a small mast,Small Mast,Handicrafts 4,Iron x10; Lumber x20; Rope x1,Ship mast,Basic NPC Production,NPC exclusive,Confirmed in Basic/Handicrafts page,https://unchartedwaters.fandom.com/wiki/NPC_Productions/Basic/Handicrafts
Handicrafts,Carpenter,Hamburg,Make a medium mast,Middle Mast,Handicrafts 8,Iron x20; Processed Lumber x1; Improved Rope x1,Ship mast,Basic NPC Production,NPC exclusive,Confirmed in Basic/Handicrafts page,https://unchartedwaters.fandom.com/wiki/NPC_Productions/Basic/Handicrafts
Handicrafts,Carpenter,Trujillo; Pernambuco; Caracas; Cayenne; Willemstad; Grand Cayman,Make a large mast,Large Mast,Handicrafts 12,Iron x30; Processed Lumber x1; Improved Rope x1,Ship mast,Basic NPC Production,NPC exclusive,Confirmed in Basic/Handicrafts page,https://unchartedwaters.fandom.com/wiki/NPC_Productions/Basic/Handicrafts
Handicrafts,Dock Manager,Trujillo (Spanish only),Make sail sewing kit,Set of Sail Sewing Tools,Handicrafts 8,Hemp Fabric x30; Carpentry Tools x10; Sewing Set x20,Repair tool,Basic NPC Production,NPC exclusive,Confirmed in Basic/Handicrafts page,https://unchartedwaters.fandom.com/wiki/NPC_Productions/Basic/Handicrafts
Handicrafts,Dock Manager,Trujillo (Spanish only),Build shipwright's room,Shipwright's Quarters,Handicrafts 14,Iron x10; Carpentry Tools x10; Processed Lumber x1,Ship part,Basic NPC Production,NPC exclusive,Confirmed in Basic/Handicrafts page,https://unchartedwaters.fandom.com/wiki/NPC_Productions/Basic/Handicrafts
Handicrafts,Dock Manager,Trujillo; Pernambuco; Caracas; Cayenne; Willemstad; Grand Cayman; Istanbul,Building a life boat,Life Boat,Handicrafts 5; Shipbuilding 13,Lifesavers x10; Processed Lumber x1; Metal Work x1,Ship part,Basic NPC Production,NPC exclusive,Confirmed in Basic/Handicrafts page,https://unchartedwaters.fandom.com/wiki/NPC_Productions/Basic/Handicrafts
Handicrafts,Painter,Jaffa,Antifouling paint,Antifouling Paint,Handicrafts 12,Black-mud x10; Sulphur x10; Caustic Lime x1,Shipbuilding material,Basic NPC Production,NPC exclusive,Confirmed in Basic/Handicrafts page,https://unchartedwaters.fandom.com/wiki/NPC_Productions/Basic/Handicrafts
Handicrafts,Weaponsmith,Istanbul,Build Doctor's office,Infirmary,Handicrafts 13,First Aid Kit x10; Assorted Ointments x10; Processed Lumber x1,Ship part,Basic NPC Production,NPC exclusive,Confirmed in Basic/Handicrafts page,https://unchartedwaters.fandom.com/wiki/NPC_Productions/Basic/Handicrafts
Handicrafts,Steam Engineer,IR Cities,Making Special Side-wheel Hull,Large Steam Hull Ship,Handicrafts 10; Shipbuilding 10,Improved Steel Sheet x3; Processed Lumber x1; Metal Work x1,Ship hull,Basic NPC Production,NPC exclusive,Confirmed in Basic/Handicrafts page,https://unchartedwaters.fandom.com/wiki/NPC_Productions/Basic/Handicrafts
Handicrafts,Shipyard Master,Amsterdam; Lisbon; London; Marseilles; Seville; Venice,"Make Flat deck, small hull",Small Flush Deck Style Hull,Handicrafts 2; Shipbuilding 5,Iron x20; Lumber x20,Ship hull,Basic NPC Production,NPC exclusive,Confirmed in Basic/Handicrafts page,https://unchartedwaters.fandom.com/wiki/NPC_Productions/Basic/Handicrafts
Handicrafts,Shipyard Master,Naples,Make Small Row Boat,Small Row Boat,Handicrafts 2; Shipbuilding 5,Iron x20; Lumber x20,Ship hull,Basic NPC Production,NPC exclusive,Confirmed in Basic/Handicrafts page,https://unchartedwaters.fandom.com/wiki/NPC_Productions/Basic/Handicrafts
Handicrafts,Shipyard Master,Alexandria,Make Medium Row Boat,Medium Row Boat,Handicrafts 4; Shipbuilding 9,Processed Lumber x1; Metal Work x1,Ship hull,Basic NPC Production,NPC exclusive,Confirmed in Basic/Handicrafts page,https://unchartedwaters.fandom.com/wiki/NPC_Productions/Basic/Handicrafts
Handicrafts,Shipyard Master,Alexandria,Make Mine Sweeper,Marine Sweeper,Handicrafts 6; Shipbuilding 13,Telescope x1; Processed Lumber x1; Metal Work x1,Ship part,Basic NPC Production,NPC exclusive,Confirmed in Basic/Handicrafts page,https://unchartedwaters.fandom.com/wiki/NPC_Productions/Basic/Handicrafts
Handicrafts,Shipyard Master,Hamburg; Nantes; Porto; Ragusa,"Make Flat deck, medium hull",Medium Flush Deck Style Hull,Handicrafts 4; Shipbuilding 9,Processed Lumber x1; Metal Work x1,Ship hull,Basic NPC Production,NPC exclusive,Confirmed in Basic/Handicrafts page,https://unchartedwaters.fandom.com/wiki/NPC_Productions/Basic/Handicrafts
Handicrafts,Shipyard Master,Hamburg; Nantes; Porto; Ragusa,"Make 2 deck, medium hull",Medium 2-decked Hull,Handicrafts 4; Shipbuilding 10,Processed Lumber x1; Metal Work x1,Ship hull,Basic NPC Production,NPC exclusive,Confirmed in Basic/Handicrafts page,https://unchartedwaters.fandom.com/wiki/NPC_Productions/Basic/Handicrafts
Handicrafts,Shipyard Master,Seville (C18 P3?),Commander's Medium Flush Deck Style Hull,Commander's Medium Flush Deck Style Hull,Handicrafts 12; Shipbuilding 10,Famous Admiral's Staff x1; Steel x3; Medium Flush Deck Style Hull x1,Ship hull,Basic NPC Production,World-clock note in source,Confirmed in Basic/Handicrafts page,https://unchartedwaters.fandom.com/wiki/NPC_Productions/Basic/Handicrafts
Handicrafts,Shipyard Master,Seville (C18 P3?),Commander's Medium 2-decked Hull,Commander's Medium 2-decked Hull,Handicrafts 12; Shipbuilding 10,Famous Admiral's Staff x1; Steel x3; Medium 2-decked Hull x1,Ship hull,Basic NPC Production,World-clock note in source,Confirmed in Basic/Handicrafts page,https://unchartedwaters.fandom.com/wiki/NPC_Productions/Basic/Handicrafts
Handicrafts,Shipyard Master,Seville (C18 P3?),Commander's Medium Row Boat,Commander's Medium Row Boat,Handicrafts 12; Shipbuilding 10,Famous Admiral's Staff x1; Steel x3; Medium Row Boat x1,Ship hull,Basic NPC Production,World-clock note in source,Confirmed in Basic/Handicrafts page,https://unchartedwaters.fandom.com/wiki/NPC_Productions/Basic/Handicrafts
Handicrafts,Shipyard Master,Seville (C18 P3?),Official Large Row Boat,Official Large Row Boat,Handicrafts 13; Shipbuilding 14,Heavily Armoured Sterncastle x1; Steel x4; Large Row Boat x1,Ship hull,Basic NPC Production,World-clock note in source,Confirmed in Basic/Handicrafts page,https://unchartedwaters.fandom.com/wiki/NPC_Productions/Basic/Handicrafts
Handicrafts,Shipyard Master,Seville (C18 P3?),Official Large 2-decked Hull,Official Large 2-decked Hull,Handicrafts 14; Shipbuilding 15,Heavily Armoured Sterncastle x1; Steel x5; Large 2-decked Hull x1,Ship hull,Basic NPC Production,World-clock note in source,Confirmed in Basic/Handicrafts page,https://unchartedwaters.fandom.com/wiki/NPC_Productions/Basic/Handicrafts
Handicrafts,Shipyard Master,Seville (C18 P3?),Official Large 3-decked Hull,Official Large 3-decked Hull,Handicrafts 15; Shipbuilding 16,Heavily Armoured Sterncastle x1; Steel x6; Large 3-decked Hull x1,Ship hull,Basic NPC Production,World-clock note in source,Confirmed in Basic/Handicrafts page,https://unchartedwaters.fandom.com/wiki/NPC_Productions/Basic/Handicrafts
Handicrafts,Shipyard Master,Seville (C18 P3?),Official Large 3-decked Row Boat,Official Large 3-decked Row Boat,Handicrafts 15; Shipbuilding 16,Heavily Armoured Sterncastle x1; Steel x6; Large 3-decked Row Boat x1,Ship hull,Basic NPC Production,World-clock note in source,Confirmed in Basic/Handicrafts page,https://unchartedwaters.fandom.com/wiki/NPC_Productions/Basic/Handicrafts
Handicrafts,Craftsman,Valencia,Make stock anchors,Stock Anchor,Handicrafts 4; Wares Trading 3,Iron x25; Lead x5; Carpentry Tools x5,Ship part / furniture recipe replacement,Basic NPC Production / Book replacement,Book replacement or furniture-making NPC craft,Confirmed in Basic/Handicrafts page,https://unchartedwaters.fandom.com/wiki/NPC_Productions/Basic/Handicrafts
Handicrafts,Craftsman,Valencia,Make 2-door bookcase,Double Door Bookcase,Handicrafts 5; Sundries Trading 1,Woolen Fabric x10; Lumber x20; Carpentry Tools x5,Furniture,Basic NPC Production / Book replacement,Book replacement or furniture-making NPC craft,Confirmed in Basic/Handicrafts page,https://unchartedwaters.fandom.com/wiki/NPC_Productions/Basic/Handicrafts
Handicrafts,Craftsman,Valencia,Make skill bookcase,Skill Bookshelf,Handicrafts 6; Storage 1,Master Craftsman's Carpentry Tools x5; Processed Lumber x1; Metal Work x1,Furniture,Basic NPC Production / Book replacement,Book replacement or furniture-making NPC craft,Confirmed in Basic/Handicrafts page,https://unchartedwaters.fandom.com/wiki/NPC_Productions/Basic/Handicrafts
Handicrafts,Craftsman,Valencia,Make clothes chests,Clothes Chest,Handicrafts 17; Crafts Trading 8,Fine Furniture x35; Shipwright's Hammer x1; Processed Lumber x1,Furniture,Basic NPC Production / Book replacement,Book replacement or furniture-making NPC craft,Confirmed in Basic/Handicrafts page,https://unchartedwaters.fandom.com/wiki/NPC_Productions/Basic/Handicrafts
Handicrafts,Craftsman,Valencia,Make sideboards,Sideboard,Handicrafts 17; Luxuries Trading 8,Antique Art x25; Shipwright's Hammer x1; Processed Lumber x1,Furniture,Basic NPC Production / Book replacement,Book replacement or furniture-making NPC craft,Confirmed in Basic/Handicrafts page,https://unchartedwaters.fandom.com/wiki/NPC_Productions/Basic/Handicrafts
Handicrafts,Craftsman,Lubeck,Make storage barrels,Storage Barrel,Handicrafts 4; Alcohol Trading 3,Lumber x10; Carpentry Tools x5; Wine Barrel of Diversion x10,Furniture,Basic NPC Production / Book replacement,Book replacement or furniture-making NPC craft,Confirmed in Basic/Handicrafts page,https://unchartedwaters.fandom.com/wiki/NPC_Productions/Basic/Handicrafts
Handicrafts,Craftsman,Lubeck,Expand skill bookcase -3,Skill Bookshelf 3 Tiers,Handicrafts 10; Storage 3,Iron x20; Lumber x20; Skill Bookshelf 2 Tiers x1,Furniture,Basic NPC Production / Book replacement,Book replacement or furniture-making NPC craft,Confirmed in Basic/Handicrafts page,https://unchartedwaters.fandom.com/wiki/NPC_Productions/Basic/Handicrafts
Handicrafts,Craftsman,Lubeck,Make chest of drawers,Tool Box,Handicrafts 14; Wares Trading 7,Steel x55; Master Craftsman's Carpentry Tools x25; Processed Lumber x1,Furniture,Basic NPC Production / Book replacement,Book replacement or furniture-making NPC craft,Confirmed in Basic/Handicrafts page,https://unchartedwaters.fandom.com/wiki/NPC_Productions/Basic/Handicrafts
Handicrafts,Craftsman,Lubeck,Make cupboards,Cupboard,Handicrafts 14; Crafts Trading 7,Glasswork x50; Master Craftsman's Carpentry Tools x25; Processed Lumber x1,Furniture,Basic NPC Production / Book replacement,Book replacement or furniture-making NPC craft,Confirmed in Basic/Handicrafts page,https://unchartedwaters.fandom.com/wiki/NPC_Productions/Basic/Handicrafts
Handicrafts,Craftsman,Lubeck,Make open bookcase,Open Bookshelf,Handicrafts 17; Sundries Trading 8,Lace x50; Shipwright's Saw x1; Processed Lumber x1,Furniture,Basic NPC Production / Book replacement,Book replacement or furniture-making NPC craft,Confirmed in Basic/Handicrafts page,https://unchartedwaters.fandom.com/wiki/NPC_Productions/Basic/Handicrafts
Handicrafts,Craftsman,Lubeck,Make storage boxes,Storage Box,Handicrafts 18; Firearms Trading 12,Steel x130; Parts/Hardware Storage Expansion x1; Processed Lumber x1,Furniture,Basic NPC Production / Book replacement,Book replacement or furniture-making NPC craft,Confirmed in Basic/Handicrafts page,https://unchartedwaters.fandom.com/wiki/NPC_Productions/Basic/Handicrafts
Handicrafts,Craftsman,Lubeck,Make big 2-door bookcase,Big 2-Door Bookcase,Handicrafts 18; Sundries Trading 9,Flannel x130; Document Storage Expansion x1; Processed Lumber x1,Furniture,Basic NPC Production / Book replacement,Book replacement or furniture-making NPC craft,Confirmed in Basic/Handicrafts page,https://unchartedwaters.fandom.com/wiki/NPC_Productions/Basic/Handicrafts
Handicrafts,Craftsman,Cochin,Make Indian rug/parasol,Indian Rug & Parasol,Handicrafts 4; Textile Trading 3,India Calico x15; Lumber x10; Carpentry Tools x5,Furniture,Basic NPC Production / Book replacement,Book replacement or furniture-making NPC craft,Confirmed in Basic/Handicrafts page,https://unchartedwaters.fandom.com/wiki/NPC_Productions/Basic/Handicrafts
Handicrafts,Craftsman,Cochin,Make rattan baskets,Rattan Basket,Handicrafts 5; Spice Trading 1,Jute x40; Indian Indigo Dye x20; Carpentry Tools x5,Furniture,Basic NPC Production / Book replacement,Book replacement or furniture-making NPC craft,Confirmed in Basic/Handicrafts page,https://unchartedwaters.fandom.com/wiki/NPC_Productions/Basic/Handicrafts
Handicrafts,Craftsman,Pisa; Cochin,Make clothes trunk,Clothes Trunk,Handicrafts 5; Fabric Trading 1,Iron x15; Lumber x15; Carpentry Tools x5,Furniture,Basic NPC Production / Book replacement,Book replacement or furniture-making NPC craft,Confirmed in Basic/Handicrafts page,https://unchartedwaters.fandom.com/wiki/NPC_Productions/Basic/Handicrafts
Handicrafts,Craftsman,Pisa; Cochin,Make tool boxes,Tool Box,Handicrafts 14; Wares Trading 7,Steel x55; Master Craftsman's Carpentry Tools x25; Processed Lumber x1,Furniture,Basic NPC Production / Book replacement,Book replacement or furniture-making NPC craft,Confirmed in Basic/Handicrafts page,https://unchartedwaters.fandom.com/wiki/NPC_Productions/Basic/Handicrafts
Handicrafts,Craftsman,Pisa; Cochin,Make cupboards,Cupboard,Handicrafts 14; Crafts Trading 7,Glasswork x50; Master Craftsman's Carpentry Tools x25; Processed Lumber x1,Furniture,Basic NPC Production / Book replacement,Book replacement or furniture-making NPC craft,Confirmed in Basic/Handicrafts page,https://unchartedwaters.fandom.com/wiki/NPC_Productions/Basic/Handicrafts
Handicrafts,Craftsman,Bremen,Make side tables,Side Table with Drawers,Handicrafts 5; Medicine Trading 1,Ceramics x8; Lumber x15; Carpentry Tools x5,Furniture,Basic NPC Production / Book replacement,Book replacement or furniture-making NPC craft,Confirmed in Basic/Handicrafts page,https://unchartedwaters.fandom.com/wiki/NPC_Productions/Basic/Handicrafts
Handicrafts,Craftsman,Bremen,Expand skill bookcase -2,Skill Bookshelf 2 Tiers,Handicrafts 8; Storage 2,Iron x10; Lumber x10; Skill Bookshelf x1,Furniture,Basic NPC Production / Book replacement,Book replacement or furniture-making NPC craft,Confirmed in Basic/Handicrafts page,https://unchartedwaters.fandom.com/wiki/NPC_Productions/Basic/Handicrafts
Handicrafts,Craftsman,Bremen,Make storage racks,Open Rack Storage,Handicrafts 14; Luxuries Trading 7,Ceramics x20; Master Craftsman's Carpentry Tools x25; Processed Lumber x1,Furniture,Basic NPC Production / Book replacement,Book replacement or furniture-making NPC craft,Confirmed in Basic/Handicrafts page,https://unchartedwaters.fandom.com/wiki/NPC_Productions/Basic/Handicrafts
Handicrafts,Craftsman,Bremen,Make wood container,Wooden Containers,Handicrafts 16; Firearms Trading 10,Brass x95; Shipwright's Saw x1; Processed Lumber x1,Furniture,Basic NPC Production / Book replacement,Book replacement or furniture-making NPC craft,Confirmed in Basic/Handicrafts page,https://unchartedwaters.fandom.com/wiki/NPC_Productions/Basic/Handicrafts
Handicrafts,Craftsman,Bremen,Make big wardrobes,Large Chest,Handicrafts 18; Fabric Trading 12,Fine Clothing x40; Equipments Storage Expansion x1; Processed Lumber x1,Furniture,Basic NPC Production / Book replacement,Book replacement or furniture-making NPC craft,Confirmed in Basic/Handicrafts page,https://unchartedwaters.fandom.com/wiki/NPC_Productions/Basic/Handicrafts
Handicrafts,Craftsman,Bremen,Make storage chests,Storage Chest,Handicrafts 18; Art Trading 9,Antique Art x40; Consumable Storage Expansion x1; Processed Lumber x1,Furniture,Basic NPC Production / Book replacement,Book replacement or furniture-making NPC craft,Confirmed in Basic/Handicrafts page,https://unchartedwaters.fandom.com/wiki/NPC_Productions/Basic/Handicrafts
Handicrafts,Craftsman,Bremen,Make large food rack,Large Food Rack,Handicrafts 18; Food Trading 12,Fine Furniture x50; Trade Good Storage Expansion x1; Processed Lumber x1,Furniture,Basic NPC Production / Book replacement,Book replacement or furniture-making NPC craft,Confirmed in Basic/Handicrafts page,https://unchartedwaters.fandom.com/wiki/NPC_Productions/Basic/Handicrafts
Handicrafts,Craftsman,Trujillo,Make stone bookends,Stone Bookends,Handicrafts 4; Mineral Trading 3,Stone x15; Lumber x10; Carpentry Tools x5,Furniture,Basic NPC Production / Book replacement,Book replacement or furniture-making NPC craft,Confirmed in Basic/Handicrafts page,https://unchartedwaters.fandom.com/wiki/NPC_Productions/Basic/Handicrafts
Handicrafts,Craftsman,Trujillo,Make Caribbean clothes trunk,Caribbean Clothes Trunk,Handicrafts 14; Fabric Trading 7,Copper x60; Master Craftsman's Carpentry Tools x25; Processed Lumber x1,Furniture,Basic NPC Production / Book replacement,Book replacement or furniture-making NPC craft,Confirmed in Basic/Handicrafts page,https://unchartedwaters.fandom.com/wiki/NPC_Productions/Basic/Handicrafts
Handicrafts,Craftsman,Trujillo,Make food baskets,Food Basket,Handicrafts 14; Food Trading 7,Hemp Fabric x40; Master Craftsman's Carpentry Tools x25; Improved Rope x1,Furniture,Basic NPC Production / Book replacement,Book replacement or furniture-making NPC craft,Confirmed in Basic/Handicrafts page,https://unchartedwaters.fandom.com/wiki/NPC_Productions/Basic/Handicrafts
Handicrafts,Craftsman,Trujillo,Make wheelbarrows,Wheelbarrow,Handicrafts 15; Livestock Trading 5,Iron x75; Master Craftsman's Carpentry Tools x25; Processed Lumber x1,Furniture,Basic NPC Production / Book replacement,Book replacement or furniture-making NPC craft,Confirmed in Basic/Handicrafts page,https://unchartedwaters.fandom.com/wiki/NPC_Productions/Basic/Handicrafts
Handicrafts,Craftsman,Trebizond; Jaffa,Make rattan tool box,Rattan Tool Box,Handicrafts 5; Textile Trading 1,Kenaf x20; Hemp Fabric x10; Carpentry Tools x5,Furniture,Basic NPC Production / Book replacement,Book replacement or furniture-making NPC craft,Confirmed in Basic/Handicrafts page,https://unchartedwaters.fandom.com/wiki/NPC_Productions/Basic/Handicrafts
Handicrafts,Craftsman,Trebizond; Jaffa,Make rack bookcase,Free Rack Bookcase,Handicrafts 15; Dye Trading 5,Persian Berry x55; Master Craftsman's Carpentry Tools x25; Processed Lumber x1,Furniture,Basic NPC Production / Book replacement,Book replacement or furniture-making NPC craft,Confirmed in Basic/Handicrafts page,https://unchartedwaters.fandom.com/wiki/NPC_Productions/Basic/Handicrafts
Handicrafts,Craftsman,Trebizond; Jaffa,Make wardrobes,Islamic Style Wardrobe,Handicrafts 16; Fabric Trading 10,Turkish Carpet x25; Shipwright's Saw x1; Processed Lumber x1,Furniture,Basic NPC Production / Book replacement,Book replacement or furniture-making NPC craft,Confirmed in Basic/Handicrafts page,https://unchartedwaters.fandom.com/wiki/NPC_Productions/Basic/Handicrafts
Handicrafts,Craftsman,Trebizond; Jaffa,Make high chest,High Chest Storage,Handicrafts 16; Seasoning Trading 10,Goldwork x30; Shipwright's Hammer x1; Processed Lumber x1,Furniture,Basic NPC Production / Book replacement,Book replacement or furniture-making NPC craft,Confirmed in Basic/Handicrafts page,https://unchartedwaters.fandom.com/wiki/NPC_Productions/Basic/Handicrafts
Handicrafts,Barkeep,Ragusa,Brewing beer (wheat),Beer x1~2,Handicrafts 2,Wheat x4,Trade good / alcohol,Basic NPC Production / Book replacement,Same as Brewery Secret book,Confirmed in Basic/Handicrafts page,https://unchartedwaters.fandom.com/wiki/NPC_Productions/Basic/Handicrafts
Handicrafts,Barkeep,Ragusa,Brewing beer (rye),Beer x1~2,Handicrafts 2,Rye x4,Trade good / alcohol,Basic NPC Production / Book replacement,Same as Brewery Secret book,Confirmed in Basic/Handicrafts page,https://unchartedwaters.fandom.com/wiki/NPC_Productions/Basic/Handicrafts
Handicrafts,Barkeep,Ragusa,Akvavit,Akvavit x1~2,Handicrafts 3,Rye x7,Trade good / alcohol,Basic NPC Production / Book replacement,Same as Brewery Secret book,Confirmed in Basic/Handicrafts page,https://unchartedwaters.fandom.com/wiki/NPC_Productions/Basic/Handicrafts
Handicrafts,Barkeep,Ragusa,Brewing vodka (rye),Vodka x1~2,Handicrafts 3,Rye x8,Trade good / alcohol,Basic NPC Production / Book replacement,Same as Brewery Secret book,Confirmed in Basic/Handicrafts page,https://unchartedwaters.fandom.com/wiki/NPC_Productions/Basic/Handicrafts
Handicrafts,Barkeep,Ragusa,Brewing vodka (barley),Vodka x1~2,Handicrafts 3,Barley x8,Trade good / alcohol,Basic NPC Production / Book replacement,Same as Brewery Secret book,Confirmed in Basic/Handicrafts page,https://unchartedwaters.fandom.com/wiki/NPC_Productions/Basic/Handicrafts
Handicrafts,Barkeep,Ragusa,Brewing wine,Wine x1~2,Handicrafts 3,Raisins x1,Trade good / alcohol,Basic NPC Production / Book replacement,Same as Brewery Secret book,Confirmed in Basic/Handicrafts page,https://unchartedwaters.fandom.com/wiki/NPC_Productions/Basic/Handicrafts
Handicrafts,Barkeep,Ragusa,Brewing liqueur,Liqueur x1~2,Handicrafts 4,Berries x5,Trade good / alcohol,Basic NPC Production / Book replacement,Same as Brewery Secret book,Confirmed in Basic/Handicrafts page,https://unchartedwaters.fandom.com/wiki/NPC_Productions/Basic/Handicrafts
Handicrafts,Barkeep,Ragusa,Brewing whiskey (wheat),Whiskey x1~2,Handicrafts 5,Wheat x8,Trade good / alcohol,Basic NPC Production / Book replacement,Same as Brewery Secret book,Confirmed in Basic/Handicrafts page,https://unchartedwaters.fandom.com/wiki/NPC_Productions/Basic/Handicrafts
Handicrafts,Barkeep,Ragusa,Brewing gin,Gin x1~2,Handicrafts 5,Barley x4; Berries x1,Trade good / alcohol,Basic NPC Production / Book replacement,Same as Brewery Secret book,Confirmed in Basic/Handicrafts page,https://unchartedwaters.fandom.com/wiki/NPC_Productions/Basic/Handicrafts
Sewing,Shopkeeper,London,Making Male Noble Gown,Noble Gown,Sewing 10,Velvet x20; Gold Thread x20; Fine Fur x5,Body equipment,Basic NPC Production,NPC exclusive,Confirmed in Basic/Sewing or Special Production page,https://unchartedwaters.fandom.com/wiki/NPC_Productions/Basic/Sewing
Sewing,Shopkeeper,London,Making Male Noble Hat,Noble Hat,Sewing 10,Feathers x15; Felt x20; Embroidery Thread x15,Head equipment,Basic NPC Production,NPC exclusive,Confirmed in Basic/Sewing or Special Production page,https://unchartedwaters.fandom.com/wiki/NPC_Productions/Basic/Sewing
Sewing,Shopkeeper,Marseilles,Making Female Noble Dress,Noble Dress,Sewing 10,Velvet x20; Gold Thread x20; Fine Fur x5,Body equipment,Basic NPC Production,NPC exclusive,Confirmed in Basic/Sewing or Special Production page,https://unchartedwaters.fandom.com/wiki/NPC_Productions/Basic/Sewing
Sewing,Shopkeeper,Marseilles,Making Female Noble Treasure Crown,Noble Coronet,Sewing 10,Georgette Fabric x10; Goldwork x10; Jewellery x10,Head equipment,Basic NPC Production,NPC exclusive,Confirmed in Basic/Sewing or Special Production page,https://unchartedwaters.fandom.com/wiki/NPC_Productions/Basic/Sewing
Sewing,Sailmaker,Amsterdam; London; Lisbon; Seville; Venice,Make Small Latin sail,Small Latin Sail,Sewing 5,Hemp Fabric x10; Lumber x10; Rope x1,Sail / ship part,Basic NPC Production,NPC exclusive,Confirmed in Basic/Sewing or Special Production page,https://unchartedwaters.fandom.com/wiki/NPC_Productions/Basic/Sewing
Sewing,Sailmaker,Amsterdam; London; Lisbon; Seville; Venice,Make Small square sail,Small Square Sail,Sewing 6,Hemp Fabric x10; Lumber x10; Rope x1,Sail / ship part,Basic NPC Production,NPC exclusive,Confirmed in Basic/Sewing or Special Production page,https://unchartedwaters.fandom.com/wiki/NPC_Productions/Basic/Sewing
Sewing,Sailmaker,Amsterdam; London; Lisbon; Seville; Venice,Make fine rigging,High Quality Rigging,Sewing 5,Iron x10; Lumber x20; Rope x1,Rigging / ship part,Basic NPC Production,NPC exclusive,Confirmed in Basic/Sewing or Special Production page,https://unchartedwaters.fandom.com/wiki/NPC_Productions/Basic/Sewing
Sewing,Sailmaker,Amsterdam; London; Lisbon; Seville; Venice,Make Small gaff sail,Small Gaff Sail,Sewing 7,Hemp Fabric x10; Lumber x10; Rope x1,Sail / ship part,Basic NPC Production,NPC exclusive,Confirmed in Basic/Sewing or Special Production page,https://unchartedwaters.fandom.com/wiki/NPC_Productions/Basic/Sewing
Sewing,Sailmaker,Antwerp; Bergen; Pisa; Ceuta; Valencia; Ragusa; Salonika,Make Medium Latin sail,Medium Latin Sail,Sewing 9,Hemp Fabric x20; Lumber x20; Improved Rope x1,Sail / ship part,Basic NPC Production,NPC exclusive,Confirmed in Basic/Sewing or Special Production page,https://unchartedwaters.fandom.com/wiki/NPC_Productions/Basic/Sewing
Sewing,Sailmaker,Antwerp; Bergen; Pisa; Ceuta; Valencia; Ragusa; Salonika,Make Medium square sail,Medium Square Sail,Sewing 10,Hemp Fabric x20; Lumber x20; Improved Rope x1,Sail / ship part,Basic NPC Production,NPC exclusive,Confirmed in Basic/Sewing or Special Production page,https://unchartedwaters.fandom.com/wiki/NPC_Productions/Basic/Sewing
Sewing,Sailmaker,Antwerp; Bergen; Pisa; Ceuta; Valencia; Ragusa; Salonika,Make Medium gaff sail,Medium Gaff Sail,Sewing 11,Hemp Fabric x20; Lumber x20; Improved Rope x1,Sail / ship part,Basic NPC Production,NPC exclusive,Confirmed in Basic/Sewing or Special Production page,https://unchartedwaters.fandom.com/wiki/NPC_Productions/Basic/Sewing
Sewing,Sailmaker,Trujillo; Pernambuco; Caracas; Cayenne; Willemstad; Grand Cayman; Busan; Nagasaki; Anping; Hangzhou,Make Large Latin sail,Large Latin Sail,Sewing 13,Hemp Fabric x30; Processed Lumber x1; Improved Rope x1,Sail / ship part,Basic NPC Production,NPC exclusive,Confirmed in Basic/Sewing or Special Production page,https://unchartedwaters.fandom.com/wiki/NPC_Productions/Basic/Sewing
Sewing,Sailmaker,Trujillo; Pernambuco; Caracas; Cayenne; Willemstad; Grand Cayman; Busan; Nagasaki; Anping; Hangzhou,Make Large square sail,Large Square Sail,Sewing 14,Hemp Fabric x30; Processed Lumber x1; Improved Rope x1,Sail / ship part,Basic NPC Production,NPC exclusive,Confirmed in Basic/Sewing or Special Production page,https://unchartedwaters.fandom.com/wiki/NPC_Productions/Basic/Sewing
Sewing,Sailmaker,Trujillo; Pernambuco; Caracas; Cayenne; Willemstad; Grand Cayman; Busan; Nagasaki; Anping; Hangzhou,Make Large gaff sail,Large Gaff Sail,Sewing 15,Hemp Fabric x30; Processed Lumber x1; Improved Rope x1,Sail / ship part,Basic NPC Production,NPC exclusive,Confirmed in Basic/Sewing or Special Production page,https://unchartedwaters.fandom.com/wiki/NPC_Productions/Basic/Sewing
Sewing,Sailmaker,Ceuta; Seville; Lisbon; Trujillo (C18 P3?),Cutting Large Hemp Cloth,Hemp Fabric x95,Sewing 7,Large Hemp Cloth x1,Material conversion,Basic NPC Production,World-clock note in source,Confirmed in Basic/Sewing or Special Production page,https://unchartedwaters.fandom.com/wiki/NPC_Productions/Basic/Sewing
Sewing,Sailmaker,Ceuta; Seville; Lisbon; Trujillo (C18 P3?),Cutting Large Cotton Cloth,Cotton Fabric x95,Sewing 8,Large Cotton Cloth x1,Material conversion,Basic NPC Production,World-clock note in source,Confirmed in Basic/Sewing or Special Production page,https://unchartedwaters.fandom.com/wiki/NPC_Productions/Basic/Sewing
Sewing,Sailmaker,Ceuta; Seville; Lisbon; Trujillo (C18 P3?),Cutting Long Jute Thread,Jute x95,Sewing 9,Long Jute Thread x1,Material conversion,Basic NPC Production,World-clock note in source,Confirmed in Basic/Sewing or Special Production page,https://unchartedwaters.fandom.com/wiki/NPC_Productions/Basic/Sewing
Sewing,Sailmaker,Ceuta; Seville; Lisbon; Trujillo (C18 P3?),Cutting Large Wool Cloth,Woollen Fabric x95,Sewing 10,Large Wool Cloth x1,Material conversion,Basic NPC Production,World-clock note in source,Confirmed in Basic/Sewing or Special Production page,https://unchartedwaters.fandom.com/wiki/NPC_Productions/Basic/Sewing
Sewing,Sailmaker,Ceuta; Seville; Lisbon; Trujillo (C18 P3?),Cutting Long Silk Thread,Silk Thread x95,Sewing 11,Long Silk Thread x1,Material conversion,Basic NPC Production,World-clock note in source,Confirmed in Basic/Sewing or Special Production page,https://unchartedwaters.fandom.com/wiki/NPC_Productions/Basic/Sewing
Sewing,Sailmaker,Ceuta; Seville; Lisbon; Trujillo (C18 P3?),Cutting Large Lace Cloth,Lace x95,Sewing 11,Large Lace Cloth x1,Material conversion,Basic NPC Production,World-clock note in source,Confirmed in Basic/Sewing or Special Production page,https://unchartedwaters.fandom.com/wiki/NPC_Productions/Basic/Sewing
Sewing,Sailmaker,Ceuta; Seville; Lisbon; Trujillo (C18 P3?),Cutting Large Silk Cloth,Silk Cloth x95,Sewing 12,Large Silk Cloth x1,Material conversion,Basic NPC Production,World-clock note in source,Confirmed in Basic/Sewing or Special Production page,https://unchartedwaters.fandom.com/wiki/NPC_Productions/Basic/Sewing
Sewing,Shipyard Master,Busan; Nagasaki; Tamsui,Make East Asian Sail,Small Junk Sail,Sewing 12,East Asia Shipbuilding Techniques x1; Processed Lumber x1; Rope x1,Sail / ship part,Basic NPC Production,NPC exclusive,Confirmed in Basic/Sewing or Special Production page,https://unchartedwaters.fandom.com/wiki/NPC_Productions/Basic/Sewing
Sewing,Shipyard Master,Busan; Nagasaki; Tamsui,Make Standard Junk Sail,Middle Junk Sail,Sewing 14,East Asia Shipbuilding Techniques x1; Processed Lumber x1; Rope x1,Sail / ship part,Basic NPC Production,NPC exclusive,Confirmed in Basic/Sewing or Special Production page,https://unchartedwaters.fandom.com/wiki/NPC_Productions/Basic/Sewing
Sewing,Shipyard Master,Busan; Nagasaki; Tamsui,Make Heavy Junk Sail,Large Junk Sail,Sewing 16,East Asia Shipbuilding Techniques x2; Processed Lumber x1; Rope x1,Sail / ship part,Basic NPC Production,NPC exclusive,Confirmed in Basic/Sewing or Special Production page,https://unchartedwaters.fandom.com/wiki/NPC_Productions/Basic/Sewing
Sewing,Shipwright,Veracruz,Making improved rope,Improved Rope,Sewing 8,Jute x10; Sisal x20,Shipbuilding material,Basic NPC Production,NPC exclusive,Confirmed in Basic/Sewing or Special Production page,https://unchartedwaters.fandom.com/wiki/NPC_Productions/Basic/Sewing
Sewing,Shipwright,Calicut,Make a mooring rope,Painter Rope,Sewing 12,Metal Work x1; Rope x1; Improved Rope x1,Ship part,Basic NPC Production,NPC exclusive,Confirmed in Basic/Sewing or Special Production page,https://unchartedwaters.fandom.com/wiki/NPC_Productions/Basic/Sewing
Sewing,Shipwright,Bahia,Make a fender rope,Anti-skid Rope,Sewing 12,Hemp Fabric x30; Rope x1; Improved Rope x1,Ship part,Basic NPC Production,NPC exclusive,Confirmed in Basic/Sewing or Special Production page,https://unchartedwaters.fandom.com/wiki/NPC_Productions/Basic/Sewing
Sewing,Shipwright,Alexandria,Make a tangle net,Tangle Net,Sewing 12,Metal Work x1; Rope x1; Improved Rope x1,Ship part,Basic NPC Production,NPC exclusive,Confirmed in Basic/Sewing or Special Production page,https://unchartedwaters.fandom.com/wiki/NPC_Productions/Basic/Sewing
Sewing,Shipwright,Santo Domingo,Make Grappling hook rope,Traverse Rope,Sewing 14,Metal Work x1; Rope x1; Improved Rope x1,Ship part,Basic NPC Production,NPC exclusive,Confirmed in Basic/Sewing or Special Production page,https://unchartedwaters.fandom.com/wiki/NPC_Productions/Basic/Sewing
Sewing,Shipwright,Nantes; Porto; Las Palmas; Algiers; Goa; Calcutta,Make rope,Rope,Sewing 6,Jute x30,Shipbuilding material,Basic NPC Production,Book replacement NPC recipe,Confirmed in Basic/Sewing or Special Production page,https://unchartedwaters.fandom.com/wiki/NPC_Productions/Basic/Sewing
Sewing,Shopkeeper,Portobelo,Camisa Ravalero,Camisa Ravalero,Sewing 12,Mulberry x20; Hemp Fabric x30; Sewing Set x30,Body equipment,Basic NPC Production,Special Production list,Confirmed in Basic/Sewing or Special Production page,https://unchartedwaters.fandom.com/wiki/Special_Production
Sewing,Shopkeeper,Portobelo,Casco Panache,Casco Panache,Sewing 12,Feathers x30; Maya Blue x20; Mulberry x20,Head equipment,Basic NPC Production,Special Production list,Confirmed in Basic/Sewing or Special Production page,https://unchartedwaters.fandom.com/wiki/Special_Production
Sewing,Skilled Tailor,Grand Cayman,Superior Bonnet & Sail,Superior Bonnet & Sail,Sewing 7,Hemp Fabric x41; Iron x25; Lumber x25,Sail / ship part,Basic NPC Production,Special Production list,Confirmed in Basic/Sewing or Special Production page,https://unchartedwaters.fandom.com/wiki/Special_Production
Sewing,Skilled Tailor,Grand Cayman,Superior Staysail & Sail,Superior Staysail & Sail,Sewing 10,Hemp Fabric x21; Iron x1; Lumber x1,Sail / ship part,Basic NPC Production,Special Production list,Confirmed in Basic/Sewing or Special Production page,https://unchartedwaters.fandom.com/wiki/Special_Production
Sewing,Skilled Tailor,Grand Cayman,Superior Full Rigged Sail,Superior Full Rigged Sail,Sewing 15,Hemp Fabric x49; Iron x?; Lumber x?,Sail / ship part,Basic NPC Production,Special Production list; source snippet truncated after first material,Confirmed in Basic/Sewing or Special Production page,https://unchartedwaters.fandom.com/wiki/Special_Production
Cooking,Barkeep,St Petersburg Tavern,White meat fish soup,Ukha x1~2,Cooking 5,Onions x2; Herring x1,Food,Basic NPC Production,NPC exclusive,Confirmed in Basic/Cooking page,https://unchartedwaters.fandom.com/wiki/NPC_Productions/Basic/Cooking
Cooking,Barkeep,St Petersburg Tavern,Veggie soup recipe book,Shchi x1~2,Cooking 6,Turnips x1; Onions x1; Carrots x2,Food,Basic NPC Production,NPC exclusive,Confirmed in Basic/Cooking page,https://unchartedwaters.fandom.com/wiki/NPC_Productions/Basic/Cooking
Cooking,Barkeep,St Petersburg Tavern,Oval vegetable bread,Piroshki x1~2,Cooking 6,Pork x1; Flour x1; Mushrooms x2,Food,Basic NPC Production,NPC exclusive,Confirmed in Basic/Cooking page,https://unchartedwaters.fandom.com/wiki/NPC_Productions/Basic/Cooking
Cooking,Barkeep,St Petersburg Tavern,Bean and cereal porridge,Kasha x1~2,Cooking 7,Barley x2; Broad Beans x1,Food,Basic NPC Production,NPC exclusive,Confirmed in Basic/Cooking page,https://unchartedwaters.fandom.com/wiki/NPC_Productions/Basic/Cooking
Cooking,Barkeep,St Petersburg Tavern,Caviar pancake,Blini x1~2,Cooking 8,Milk x2; Flour x1; Caviar x1,Food,Basic NPC Production,NPC exclusive,Confirmed in Basic/Cooking page,https://unchartedwaters.fandom.com/wiki/NPC_Productions/Basic/Cooking
Cooking,Barkeep,St Petersburg Tavern,Wine-marinated lamb skewers,Shashlik x1~2,Cooking 12,Lamb x2; Wine x2; Salt x1,Food,Basic NPC Production,NPC exclusive,Confirmed in Basic/Cooking page,https://unchartedwaters.fandom.com/wiki/NPC_Productions/Basic/Cooking
Cooking,Rest House Master,Wanganui Rest Area; Guam Rest Area,Grilled caterpillar,Roasted Gusano x1~3,Cooking 5,Hornworms x5,Food,Basic NPC Production,NPC exclusive,Confirmed in Basic/Cooking page,https://unchartedwaters.fandom.com/wiki/NPC_Productions/Basic/Cooking
Cooking,Rest House Master,Wanganui Rest Area; Guam Rest Area,Spit-roasted crocodile,Spit-roasted Crocodile x1~2,Cooking 8,Crocodile Meat x2; Logs x1,Food,Basic NPC Production,NPC exclusive,Confirmed in Basic/Cooking page,https://unchartedwaters.fandom.com/wiki/NPC_Productions/Basic/Cooking
Cooking,Rest House Master,Wanganui Rest Area; Guam Rest Area,Stewed kangaroo meat,Kangaroo Tail Soup x1~2,Cooking 11,Taro x2; Kangaroo Meat x2; Common Grass x1,Food,Basic NPC Production,NPC exclusive,Confirmed in Basic/Cooking page,https://unchartedwaters.fandom.com/wiki/NPC_Productions/Basic/Cooking
Cooking,Famous Chef,Grand Cayman Tavern; Trujillo Tavern; Pernambuco Tavern,Perfect white fish,Whitefish in Tomato Sauce x2~4,Cooking 11,Fish x3; Tomatoes x1; Cassava x2,Food,Basic NPC Production,NPC exclusive,Confirmed in Basic/Cooking page,https://unchartedwaters.fandom.com/wiki/NPC_Productions/Basic/Cooking
Cooking,Famous Chef,Grand Cayman Tavern; Trujillo Tavern; Pernambuco Tavern,Perfect spicy chicken,Roasted Chicken Marinate x1~3,Cooking 11,Sweet Potatoes x3; Poultry x1; Allspice x1,Food,Basic NPC Production,NPC exclusive,Confirmed in Basic/Cooking page,https://unchartedwaters.fandom.com/wiki/NPC_Productions/Basic/Cooking
Cooking,Shipwright,Luanda,Galley construction,Galley,Cooking 12,Fish x30; Flour x30; Processed Lumber x1,Ship part,Basic NPC Production,NPC exclusive,Confirmed in Basic/Cooking page,https://unchartedwaters.fandom.com/wiki/NPC_Productions/Basic/Cooking
Cooking,Barmaid,Lisbon Tavern - Christina,Navigator Dishes,Fisherman's Snacks,Cooking 7,Fava Bean Soup x1; Salmon Meuniere x1; Muffins x1,Aide food,Basic NPC Production,Aide food recipe,Confirmed in Basic/Cooking page,https://unchartedwaters.fandom.com/wiki/NPC_Productions/Basic/Cooking
Cooking,Barmaid,Lisbon Tavern - Christina,Dishes for Lookout,Country Stew Set,Cooking 7,Bouillabaisse x1; Lamb and Turnip x1; Boule x1,Aide food,Basic NPC Production,Aide food recipe,Confirmed in Basic/Cooking page,https://unchartedwaters.fandom.com/wiki/NPC_Productions/Basic/Cooking
Cooking,Barmaid,Lisbon Tavern - Christina,Dishes for Paymaster,Marinated Seafood & Two Breads,Cooking 7,Shrimp Marinade x1; Rye Bread with Raisins x1; Almond Biscuits x1,Aide food,Basic NPC Production,Aide food recipe,Confirmed in Basic/Cooking page,https://unchartedwaters.fandom.com/wiki/NPC_Productions/Basic/Cooking
Cooking,Barmaid,Lisbon Tavern - Christina,Dishes for Store Keeper,Pie and Fruit Tray Set,Cooking 7,Lentil and Bacon Soup x1; Meat Pie x1; Assorted Fruits x1,Aide food,Basic NPC Production,Aide food recipe,Confirmed in Basic/Cooking page,https://unchartedwaters.fandom.com/wiki/NPC_Productions/Basic/Cooking
Cooking,Barmaid,Lisbon Tavern - Christina,Dishes for Lieutenant,Chunky Stew,Cooking 7,Mahashi x1; Lamb and Turnip x1; Rye Bread with Raisins x1,Aide food,Basic NPC Production,Aide food recipe,Confirmed in Basic/Cooking page,https://unchartedwaters.fandom.com/wiki/NPC_Productions/Basic/Cooking
Cooking,Barmaid,Lisbon Tavern - Christina,Dishes for Surgeon,Healthy Cooking Set,Cooking 7,Bagel x1; Portuguese Bouillabaisse x1; Consomme Soup x1,Aide food,Basic NPC Production,Aide food recipe,Confirmed in Basic/Cooking page,https://unchartedwaters.fandom.com/wiki/NPC_Productions/Basic/Cooking
Cooking,Barkeep,Seville Tavern (C16 P5?),Excellent alpaca meat,Alpaca Meat x1~2,Cooking 3,Alpacas x1,Food,Basic NPC Production,Book replacement - Andes special cuisine,Confirmed in Basic/Cooking page,https://unchartedwaters.fandom.com/wiki/NPC_Productions/Basic/Cooking
Cooking,Barkeep,Seville Tavern (C16 P5?),Potato cold storage,Chuno x1~2,Cooking 5,Potatoes x2,Food,Basic NPC Production,Book replacement - Andes special cuisine,Confirmed in Basic/Cooking page,https://unchartedwaters.fandom.com/wiki/NPC_Productions/Basic/Cooking
Cooking,Barkeep,Seville Tavern (C16 P5?),Steaming corn,Choclo x1~2,Cooking 5,Corn x2,Food,Basic NPC Production,Book replacement - Andes special cuisine,Confirmed in Basic/Cooking page,https://unchartedwaters.fandom.com/wiki/NPC_Productions/Basic/Cooking
Cooking,Barkeep,Seville Tavern (C16 P5?),Quinoa biscuit,Quinoa Biscuits x1~2,Cooking 7,Quinoa x5,Food,Basic NPC Production,Book replacement - Andes special cuisine,Confirmed in Basic/Cooking page,https://unchartedwaters.fandom.com/wiki/NPC_Productions/Basic/Cooking
Cooking,Barkeep,Seville Tavern (C16 P5?),Maca cooked rice,Maca Porridge,Cooking 10,Milk x1; Maca x2,Food,Basic NPC Production,Book replacement - Andes special cuisine,Confirmed in Basic/Cooking page,https://unchartedwaters.fandom.com/wiki/NPC_Productions/Basic/Cooking
Cooking,Barkeep,Seville Tavern (C16 P5?),S. America bouillabaisse,Parihuela,Cooking 10,Chillies x1; Sardine x1; Spear Squid x1,Food,Basic NPC Production,Book replacement - Andes special cuisine,Confirmed in Basic/Cooking page,https://unchartedwaters.fandom.com/wiki/NPC_Productions/Basic/Cooking
Cooking,Barkeep,Seville Tavern (C16 P5?),Potato & cheese sauce,Papa a la Huancaina,Cooking 10,Potatoes x3; Cheese x2; Milk x1,Food,Basic NPC Production,Book replacement - Andes special cuisine,Confirmed in Basic/Cooking page,https://unchartedwaters.fandom.com/wiki/NPC_Productions/Basic/Cooking
Cooking,Barkeep,Seville Tavern (C16 P5?),Stewed alpaca meat,Pachamanca,Cooking 10,Potatoes x2; Alpaca Meat x1; Rocks x1,Food,Basic NPC Production,Book replacement - Andes special cuisine,Confirmed in Basic/Cooking page,https://unchartedwaters.fandom.com/wiki/NPC_Productions/Basic/Cooking
Cooking,Barkeep,Seville Tavern (C16 P5?),Anchovy side dish,Fish and Nuts Stir-fry,Cooking 11,Salt x1; Anchovies x2; Cashew Nuts x1,Food,Basic NPC Production,Book replacement - Andes special cuisine,Confirmed in Basic/Cooking page,https://unchartedwaters.fandom.com/wiki/NPC_Productions/Basic/Cooking
Cooking,Barkeep,Seville Tavern (C16 P5?),Vegetable paste recipe,Guacamole,Cooking 12,Corn x1; Tomatoes x1; Chillies x2,Food,Basic NPC Production,Book replacement - Andes special cuisine,Confirmed in Basic/Cooking page,https://unchartedwaters.fandom.com/wiki/NPC_Productions/Basic/Cooking
Cooking,Barkeep,Seville Tavern (C16 P5?),Rolling guacamole,Burrito,Cooking 13,Tlaxcalli x1; Guacamole x1,Food,Basic NPC Production,Book replacement - Andes special cuisine,Confirmed in Basic/Cooking page,https://unchartedwaters.fandom.com/wiki/NPC_Productions/Basic/Cooking
Cooking,Barkeep,Seville Tavern (C16 P5?),Root veg & grain rice,Potato & Quinoa Porridge,Cooking 14,Quinoa x2; Alpaca Meat x1; Chuno x2,Food,Basic NPC Production,Book replacement - Andes special cuisine,Confirmed in Basic/Cooking page,https://unchartedwaters.fandom.com/wiki/NPC_Productions/Basic/Cooking
Cooking,Barkeep,Seville Tavern (C16 P5?),Maca warrior's dish,Pachamanca Dressed with Maca,Cooking 15,Maca x1; Pachamanca x1,Food,Basic NPC Production,Book replacement - Andes special cuisine,Confirmed in Basic/Cooking page,https://unchartedwaters.fandom.com/wiki/NPC_Productions/Basic/Cooking
Casting,Shipwright,Portobelo,Special Sea Mines,Special Sea Mines,Casting 13,Black-mud x10; Gunpowder x10; Lead x10,Ship battle part,Special Production (NPC-assisted),Special Production list,Confirmed in Special Production page,https://unchartedwaters.fandom.com/wiki/Special_Production
Casting,Shipwright,Ragusa; Trieste; Ceuta,Processed Iron,Processed Iron,Casting 6,Iron x30,Shipbuilding material,Special Production (NPC-assisted),Special Production list,Confirmed in Special Production page,https://unchartedwaters.fandom.com/wiki/Special_Production
Casting,Weaponsmith,Alexandria,Modified Standard Gun Port,Modified Standard Gun Port,Casting 9,Lumber x30; Metal Work x1,Ship part,Special Production (NPC-assisted),Special Production list,Confirmed in Special Production page,https://unchartedwaters.fandom.com/wiki/Special_Production
Casting,Weaponsmith,Cayenne; Grand Cayman,Modified Heavy Gun Port,Modified Heavy Gun Port,Casting 13,Iron x40; Processed Lumber x1; Metal Work x1,Ship part,Special Production (NPC-assisted),Special Production list,Confirmed in Special Production page,https://unchartedwaters.fandom.com/wiki/Special_Production
Handicrafts,Shipyard Master,Ragusa,"Flat Deck, Medium Hull",Medium Flush Deck Style Hull,Handicrafts 4; Shipbuilding 9,Processed Lumber x1; Metal Work x1,Ship hull,Special Production (NPC-assisted),Special Production list,Confirmed in Special Production page,https://unchartedwaters.fandom.com/wiki/Special_Production
Handicrafts,Carpenter,Ragusa,Medium Mast,Middle Mast,Handicrafts 8,Iron x20; Processed Lumber x1; Improved Rope x1,Ship mast,Special Production (NPC-assisted),Special Production list,Confirmed in Special Production page,https://unchartedwaters.fandom.com/wiki/Special_Production
Handicrafts,Shipwright,The Azores,Process Lime,Caustic Lime,Handicrafts 5,Boulders x5,Material,Special Production (NPC-assisted),Special Production list,Confirmed in Special Production page,https://unchartedwaters.fandom.com/wiki/Special_Production
Handicrafts,Shipwright,Cayenne; Grand Cayman; Buenos Aires,Processed Lumber,Processed Lumber,Handicrafts 6,Lumber x30,Shipbuilding material,Special Production (NPC-assisted),Special Production list,Confirmed in Special Production page,https://unchartedwaters.fandom.com/wiki/Special_Production
Handicrafts,Shipyard Master,Ragusa,"Two Deck, Medium Hull",Medium 2-decked Hull,Handicrafts 4; Shipbuilding 10,Processed Lumber x1; Metal Work x1,Ship hull,Special Production (NPC-assisted),Special Production list,Confirmed in Special Production page,https://unchartedwaters.fandom.com/wiki/Special_Production
Linguistics,Durer,Lubeck,Make Germanic dict,Unknown output - Germanic dictionary,Linguistics 1,Western Books x1; Paper x3,Linguistics item,Basic NPC production,Source recipe page shows product as Unknown; output name needs in-game/item-page verification.,"Added in v2 validation - recipe confirmed, output unknown",https://unchartedwaters.fandom.com/wiki/NPC_Productions/Basic/Linguistics
Linguistics,Durer,Lubeck,Make Germanic translation notes,Unknown output - Germanic translation notes,Linguistics 1,Western Books x1; Paper x1,Linguistics item,Basic NPC production,Source recipe page shows product as Unknown; output name needs in-game/item-page verification.,"Added in v2 validation - recipe confirmed, output unknown",https://unchartedwaters.fandom.com/wiki/NPC_Productions/Basic/Linguistics
Linguistics,Shakespeare,London,Make Celtic Dictionary,Unknown output - Celtic dictionary,Linguistics 4,Paper x8; Graphite x2,Linguistics item,Basic NPC production,Source recipe page shows product as Unknown; output name needs in-game/item-page verification.,"Added in v2 validation - recipe confirmed, output unknown",https://unchartedwaters.fandom.com/wiki/NPC_Productions/Basic/Linguistics
Linguistics,Shakespeare,London,Make Celtic translation notes,Unknown output - Celtic translation notes,Linguistics 4,Paper x2; Graphite x1,Linguistics item,Basic NPC production,Source recipe page shows product as Unknown; output name needs in-game/item-page verification.,"Added in v2 validation - recipe confirmed, output unknown",https://unchartedwaters.fandom.com/wiki/NPC_Productions/Basic/Linguistics
Linguistics,Scholar,Trujillo,Make American dict,Unknown output - American dictionary,Linguistics 9,Maya Blue x5; Paper x15,Linguistics item,Basic NPC production,Source recipe page shows product as Unknown; output name needs in-game/item-page verification.,"Added in v2 validation - recipe confirmed, output unknown",https://unchartedwaters.fandom.com/wiki/NPC_Productions/Basic/Linguistics
Linguistics,Scholar,Trujillo,Make American translation notes,Unknown output - American translation notes,Linguistics 9,Maya Blue x2; Paper x5,Linguistics item,Basic NPC production,Source recipe page shows product as Unknown; output name needs in-game/item-page verification.,"Added in v2 validation - recipe confirmed, output unknown",https://unchartedwaters.fandom.com/wiki/NPC_Productions/Basic/Linguistics
Linguistics,Scholar,Calicut Archives,Make Indian Ocean dict,Unknown output - Indian Ocean dictionary,Linguistics 8,Indian Indigo Dye x4; Paper x12,Linguistics item,Basic NPC production,Source recipe page shows product as Unknown; output name needs in-game/item-page verification.,"Added in v2 validation - recipe confirmed, output unknown",https://unchartedwaters.fandom.com/wiki/NPC_Productions/Basic/Linguistics
Linguistics,Scholar,Calicut Archives,Make Indian Ocean translation notes,Unknown output - Indian Ocean translation notes,Linguistics 8,Indian Indigo Dye x2; Paper x4,Linguistics item,Basic NPC production,Source recipe page shows product as Unknown; output name needs in-game/item-page verification.,"Added in v2 validation - recipe confirmed, output unknown",https://unchartedwaters.fandom.com/wiki/NPC_Productions/Basic/Linguistics
Storage,Shopkeeper,Amsterdam; Lisbon; London; Marseille; Seville; Venice,Fisherman Arts- Preservation Methods,Catalog entry - outputs not expanded,Storage 1~14,See recipe family / individual recipe page,Recipe family / multiple items,Normal NPC/Townman recipe family,Added because Recipe Books lists these as NPC/Townman Storage recipe families; individual item rows still need expansion from recipe pages.,"Added in v2 validation - catalog only, not item-expanded",https://unchartedwaters.fandom.com/wiki/Recipe_Books
Storage,Town Official,Salonika; Benghazi,Traveller's food procuring skill,Catalog entry - outputs not expanded,Storage 1~12,See recipe family / individual recipe page,Recipe family / multiple items,Normal NPC/Townman recipe family,Added because Recipe Books lists these as NPC/Townman Storage recipe families; individual item rows still need expansion from recipe pages.,"Added in v2 validation - catalog only, not item-expanded",https://unchartedwaters.fandom.com/wiki/Recipe_Books
Storage,Town Official,Veracruz,Mogul's memoir,Catalog entry - outputs not expanded,Storage 5~16,See recipe family / individual recipe page,Recipe family / multiple items,Normal NPC/Townman recipe family,Added because Recipe Books lists these as NPC/Townman Storage recipe families; individual item rows still need expansion from recipe pages.,"Added in v2 validation - catalog only, not item-expanded",https://unchartedwaters.fandom.com/wiki/Recipe_Books
Storage,NPC / recipe acquisition,Merida,Dyeing secret,Catalog entry - outputs not expanded,Storage 5~13,See recipe family / individual recipe page,Recipe family / multiple items,Normal NPC/Townman recipe family,Added because Recipe Books lists these as NPC/Townman Storage recipe families; individual item rows still need expansion from recipe pages.,"Added in v2 validation - catalog only, not item-expanded",https://unchartedwaters.fandom.com/wiki/Recipe_Books
Storage,Craft shop,Amsterdam; Venice,Gift wrapped fine tributes (No.1),Catalog entry - outputs not expanded,Storage 6~8,See recipe family / individual recipe page,Recipe family / multiple items,Normal NPC/Townman recipe family,Added because Recipe Books lists these as NPC/Townman Storage recipe families; individual item rows still need expansion from recipe pages.,"Added in v2 validation - catalog only, not item-expanded",https://unchartedwaters.fandom.com/wiki/Recipe_Books
Storage,Item shop,Lisbon; Marseilles,Gift wrapped fine tributes (No.2),Catalog entry - outputs not expanded,Storage 6~8,See recipe family / individual recipe page,Recipe family / multiple items,Normal NPC/Townman recipe family,Added because Recipe Books lists these as NPC/Townman Storage recipe families; individual item rows still need expansion from recipe pages.,"Added in v2 validation - catalog only, not item-expanded",https://unchartedwaters.fandom.com/wiki/Recipe_Books
Storage,Item shop,London; Seville,Gift wrapped fine tributes (No.3),Catalog entry - outputs not expanded,Storage 6~8,See recipe family / individual recipe page,Recipe family / multiple items,Normal NPC/Townman recipe family,Added because Recipe Books lists these as NPC/Townman Storage recipe families; individual item rows still need expansion from recipe pages.,"Added in v2 validation - catalog only, not item-expanded",https://unchartedwaters.fandom.com/wiki/Recipe_Books
Storage,Trainer,London,Feeding pets - Beginners,Catalog entry - outputs not expanded,Storage 4~5,See recipe family / individual recipe page,Recipe family / multiple items,Normal NPC/Townman recipe family,Added because Recipe Books lists these as NPC/Townman Storage recipe families; individual item rows still need expansion from recipe pages.,"Added in v2 validation - catalog only, not item-expanded",https://unchartedwaters.fandom.com/wiki/Recipe_Books
Storage,Trainer,Seville,Procuring animals for bait,Catalog entry - outputs not expanded,Storage 7,See recipe family / individual recipe page,Recipe family / multiple items,Normal NPC/Townman recipe family,Added because Recipe Books lists these as NPC/Townman Storage recipe families; individual item rows still need expansion from recipe pages.,"Added in v2 validation - catalog only, not item-expanded",https://unchartedwaters.fandom.com/wiki/Recipe_Books
Storage,Trainer,Lisbon,Feeding pets - Expert,Catalog entry - outputs not expanded,Storage 8~14,See recipe family / individual recipe page,Recipe family / multiple items,Normal NPC/Townman recipe family,Added because Recipe Books lists these as NPC/Townman Storage recipe families; individual item rows still need expansion from recipe pages.,"Added in v2 validation - catalog only, not item-expanded",https://unchartedwaters.fandom.com/wiki/Recipe_Books
Storage,Shipwright,Riga,Shipbuilding/money chest,Catalog entry - outputs not expanded,Storage 12,See recipe family / individual recipe page,Recipe family / multiple items,Normal NPC/Townman recipe family,Added because Recipe Books lists these as NPC/Townman Storage recipe families; individual item rows still need expansion from recipe pages.,"Added in v2 validation - catalog only, not item-expanded",https://unchartedwaters.fandom.com/wiki/Recipe_Books
Storage,Factory Canning Machine,Factory / unknown acquisition on source,Factory Canning Machine,Catalog entry - outputs not expanded,Storage 6~17,See recipe family / individual recipe page,Recipe family / multiple items,Normal NPC/Townman recipe family,Added because Recipe Books lists these as NPC/Townman Storage recipe families; individual item rows still need expansion from recipe pages.,"Added in v2 validation - catalog only, not item-expanded",https://unchartedwaters.fandom.com/wiki/Recipe_Books
Storage,Record Keeper,Private Farm,Store master's secret notes,Catalog entry - outputs not expanded,Storage,See recipe family / individual recipe page,Recipe family / multiple items,Normal NPC/Townman recipe family,Added because Recipe Books lists these as NPC/Townman Storage recipe families; individual item rows still need expansion from recipe pages.,"Added in v2 validation - catalog only, not item-expanded",https://unchartedwaters.fandom.com/wiki/Recipe_Books
Storage,Chef,Private Farm,Chef's secret notes,Catalog entry - outputs not expanded,Storage,See recipe family / individual recipe page,Recipe family / multiple items,Normal NPC/Townman recipe family,Added because Recipe Books lists these as NPC/Townman Storage recipe families; individual item rows still need expansion from recipe pages.,"Added in v2 validation - catalog only, not item-expanded",https://unchartedwaters.fandom.com/wiki/Recipe_Books
Alchemy,John Dee,London,John Dee's alchemy,Catalog entry - outputs not expanded,Alchemy 1~14,See recipe family / individual recipe page,Recipe family / multiple items,Normal NPC/Townman or facility recipe family,Added because Recipe Books lists these as Alchemy recipe families; individual item rows still need expansion from recipe pages.,"Added in v2 validation - catalog only, not item-expanded",https://unchartedwaters.fandom.com/wiki/Recipe_Books
Alchemy,Paracelsus,Venice,Paracelsus' alchemy,Catalog entry - outputs not expanded,Alchemy 1~5,See recipe family / individual recipe page,Recipe family / multiple items,Normal NPC/Townman or facility recipe family,Added because Recipe Books lists these as Alchemy recipe families; individual item rows still need expansion from recipe pages.,"Added in v2 validation - catalog only, not item-expanded",https://unchartedwaters.fandom.com/wiki/Recipe_Books
Alchemy,Transmutation Alchemy Equipment,Quarters,Sophia Awakening (Giza Recipes),Catalog entry - outputs not expanded,Alchemy 11,See recipe family / individual recipe page,Recipe family / multiple items,Normal NPC/Townman or facility recipe family,Added because Recipe Books lists these as Alchemy recipe families; individual item rows still need expansion from recipe pages.,"Added in v2 validation - catalog only, not item-expanded",https://unchartedwaters.fandom.com/wiki/Recipe_Books
Alchemy,Memorial Album / Paracelsus,Unknown / Memorial Album,Basic Alchemy-Secrets,Catalog entry - outputs not expanded,Alchemy 1~4,See recipe family / individual recipe page,Recipe family / multiple items,Normal NPC/Townman or facility recipe family,Added because Recipe Books lists these as Alchemy recipe families; individual item rows still need expansion from recipe pages.,"Added in v2 validation - catalog only, not item-expanded",https://unchartedwaters.fandom.com/wiki/Recipe_Books
